payment_id,order_id,method,amount,paid_at,status,txn_ref
1,1,Amazon Pay,23.32,2025-01-17 03:54:53,captured,TXN-9WOED602FQ7I
2,2,card,82.74,2025-08-23 08:18:29,captured,TXN-SL7H1Q5YTTOB
3,3,card,43.69,2024-11-03 09:44:49,captured,TXN-314KP5IZT5BZ
4,4,card,23.42,2024-12-08 00:26:34,captured,TXN-ORZE8R0GJCAH
5,5,card,89.1,2024-11-16 16:37:46,captured,TXN-DAH23WHGX4D7
6,6,card,57.33,2024-11-03 21:00:20,captured,TXN-OBKYMAM5OENV
7,7,card,24.28,2025-02-06 23:47:47,captured,TXN-KP9MOYK6ZHS5
8,8,Walmart Pay,339.22,2025-06-02 13:21:04,captured,TXN-53AD3BKVU02T
9,9,card,82.39,2025-03-19 14:13:33,captured,TXN-OJZ9152FWNPL
10,10,card,105.04,2025-01-29 21:56:56,captured,TXN-VQAEPHQCRF5L
11,11,Walmart Pay,46.44,2025-02-04 18:01:22,captured,TXN-Y20X968WS93C
12,12,card,191.2,2024-09-17 19:52:14,captured,TXN-OX5VAVO0TS4L
13,13,card,315.05,2025-04-06 21:51:28,captured,TXN-LT5B5DWFS3WQ
14,14,card,39.41,2025-04-20 13:43:51,captured,TXN-U37LS5ZM89ML
15,15,card,20.44,2025-07-13 17:01:41,captured,TXN-0FRLWZJ6PDAO
16,17,Walmart Pay,78.97,2025-01-09 09:19:11,captured,TXN-K2BTEUJ9CWAW
17,18,card,391.65,2024-10-22 02:47:42,captured,TXN-GNRJMWZ245RX
18,19,card,27.81,2025-03-02 22:13:42,captured,TXN-N2EC000OVOZ6
19,20,Amazon Pay,61.99,2025-08-28 14:45:25,captured,TXN-7JZTULURU2NG
20,21,card,46.05,2025-04-27 07:56:11,captured,TXN-SL3BQWJM61EP
21,22,Amazon Pay,34.24,2024-10-22 18:46:58,captured,TXN-1JMLD6CU6764
22,23,Walmart Pay,51.39,2025-01-31 13:19:57,captured,TXN-Y7ZE0HQFC11L
23,24,card,89.45,2025-07-19 22:42:45,captured,TXN-99V0HSSOUT9R
24,25,card,179.15,2025-05-18 23:29:06,captured,TXN-PNN3PLR0MFZT
25,26,Walmart Pay,21.66,2025-06-04 10:58:35,captured,TXN-RZ2UYJF5MQ6T
26,27,Amazon Pay,254.16,2025-06-22 23:35:05,captured,TXN-2ZYC06GNCTQN
27,28,card,31.25,2025-09-01 12:19:25,captured,TXN-5V3TGO4Q4V0U
28,29,Amazon Pay,23.56,2025-01-28 13:09:39,captured,TXN-9XM5P27M982Z
29,30,Faire Payout,48.5,2025-07-29 04:04:13,captured,TXN-SEG6PDCTOHLP
30,31,card,115.85,2025-03-25 23:52:23,captured,TXN-CXI5DU38V1AT
31,32,card,58.43,2025-05-24 18:05:43,captured,TXN-DJBZ5A4IZPS5
32,33,card,53.77,2025-04-23 06:22:30,captured,TXN-UAZHMTZD438D
33,34,card,90.05,2025-01-29 02:41:16,captured,TXN-R2XBSXJIB0Z7
34,35,card,267.35,2025-08-14 05:55:43,captured,TXN-XJRW0W7XBMGL
35,36,card,206.59,2025-03-04 07:19:04,captured,TXN-O72CE6U0VMIK
36,37,card,58.93,2025-01-22 07:53:25,captured,TXN-UVJ48X3NFO51
37,38,card,56.79,2024-10-25 04:43:41,captured,TXN-LR15FS9BZL45
38,39,card,276.6,2025-01-01 18:17:18,captured,TXN-SK2POXKYKNYW
39,40,card,306.05,2025-08-01 04:37:54,captured,TXN-UU2V18LWHBS1
40,41,card,31.12,2025-03-23 18:49:22,captured,TXN-TQBTN7S00YL5
41,42,card,39.43,2025-08-23 18:11:40,captured,TXN-9FAAKX6YKRYS
42,43,card,37.09,2025-03-20 11:15:46,captured,TXN-W6R71SDSDVFA
43,44,card,33.3,2025-03-19 18:30:58,captured,TXN-JG0XOZAKHZKO
44,45,Amazon Pay,36.71,2025-03-04 13:28:24,captured,TXN-1DL9F0CHVWQA
45,46,Faire Payout,29.36,2025-03-03 18:19:39,captured,TXN-DCETHXXGS6YD
46,47,card,51.2,2025-03-26 13:27:31,captured,TXN-GP30KY5AKYZ6
47,48,card,77.14,2025-03-15 01:42:02,captured,TXN-JZN2U51M543N
48,49,card,84.46,2025-02-06 21:58:18,captured,TXN-CSEKM221VFGT
49,50,card,348.62,2025-07-10 08:36:58,captured,TXN-V98HPT2E2977
50,51,Faire Payout,24.4,2025-03-17 01:59:36,captured,TXN-W3RZNB7RD9X7
51,52,card,49.76,2025-03-30 04:46:36,captured,TXN-MLSB7PKZHTRM
52,53,card,76.78,2025-04-22 17:46:26,captured,TXN-D9WXYQLCYSLJ
53,54,Faire Payout,54.27,2024-12-03 17:31:57,captured,TXN-WVVOIXB7QD41
54,55,Amazon Pay,61.55,2025-04-08 11:26:28,captured,TXN-5RXQKWUMY87E
55,56,card,86.83,2024-12-22 18:06:48,captured,TXN-DP8EGZMAPSFO
56,57,Faire Payout,284.33,2025-08-31 11:59:17,captured,TXN-52MW5YKGW4IW
57,58,Walmart Pay,26.43,2025-01-29 10:06:09,captured,TXN-2SG1TBOCAMML
58,59,card,48.73,2024-10-09 03:32:29,captured,TXN-MX4L3CJNO00L
59,60,card,50.49,2025-06-01 16:51:41,captured,TXN-68IXCNBGQUGJ
60,61,card,14.26,2025-06-08 02:50:58,captured,TXN-EATU3R76KCWH
61,62,Walmart Pay,103.87,2025-03-30 02:40:29,captured,TXN-0KZ0VRWE4Y2Y
62,63,card,32.28,2024-10-08 17:32:10,captured,TXN-VDFW2DSJRSQG
63,64,card,294.48,2025-05-07 03:25:16,captured,TXN-O75YNAT27OWU
64,65,Amazon Pay,99.28,2025-07-06 21:27:08,captured,TXN-9DFT64J9V9LC
65,66,Amazon Pay,16.83,2025-07-01 01:23:58,captured,TXN-PUZMWSTRN5KO
66,67,Walmart Pay,81.15,2025-08-02 10:41:15,captured,TXN-DUDHLRD8CO89
67,68,card,23.6,2025-09-03 04:26:33,captured,TXN-8Q3U09WVEOYE
68,69,Walmart Pay,96.56,2025-01-04 20:35:02,captured,TXN-1PVTVOTF3VY4
69,70,card,43.94,2024-09-25 00:50:06,captured,TXN-P74IUOW4VWLL
70,71,card,54.47,2024-11-08 06:27:22,captured,TXN-4VZ9QXILKQIU
71,72,Walmart Pay,31.72,2025-04-14 09:29:11,captured,TXN-TPK077LX06HU
72,73,Amazon Pay,81.35,2025-05-27 21:34:50,captured,TXN-N0HIN4NSULWS
73,74,card,54.12,2025-05-21 12:54:04,captured,TXN-YMZI6YSAJ4R3
74,75,card,227.14,2025-08-03 20:45:35,captured,TXN-ROEC6UJ4GAVS
75,76,card,80.32,2024-10-25 17:12:08,captured,TXN-6DK1ZNTQU4YS
76,77,card,63.17,2025-03-22 00:48:20,captured,TXN-OJPR1J647ORW
77,78,card,277.32,2025-07-04 20:52:10,captured,TXN-0VH12FZ0K5HN
78,79,card,322.66,2025-03-15 07:06:43,captured,TXN-ZJRKOB4SQ88X
79,80,card,66.07,2024-10-02 16:16:48,captured,TXN-MNOBPDQ3LEYM
80,81,card,87.39,2025-07-20 00:48:12,captured,TXN-WK57BFKVVFVE
81,82,card,203.9,2025-08-21 14:08:04,captured,TXN-I8P48UOQNAXC
82,83,Faire Payout,19.78,2025-01-16 05:34:54,captured,TXN-HBL91VM67PBQ
83,84,card,448.17,2025-05-05 00:07:14,captured,TXN-69IE42R3GD2V
84,86,Amazon Pay,39.89,2025-08-11 10:31:36,captured,TXN-VD0J4GWKK9HS
85,87,card,92.26,2025-09-09 23:43:57,captured,TXN-TWAJ7ROX4UNN
86,88,card,39.01,2025-01-06 02:38:30,captured,TXN-GQPE7VQXHMHW
87,89,card,45.38,2025-08-31 13:02:15,captured,TXN-3Y6WNQP94T83
88,90,card,47.57,2024-10-31 12:08:09,captured,TXN-6B23OUKA35UE
89,92,card,47.03,2025-07-04 11:43:25,captured,TXN-KZRQ3ZRP9SHV
90,93,Faire Payout,166.13,2025-06-03 21:32:35,captured,TXN-RDOBTETP7M8Q
91,94,Amazon Pay,51.25,2025-04-30 03:41:57,captured,TXN-2BD4EBORSWUU
92,95,Faire Payout,61.83,2025-06-27 10:48:40,captured,TXN-YYNIIUC92T09
93,96,card,150.76,2025-03-17 17:00:56,captured,TXN-XO0N1GJ84Q89
94,97,card,54.98,2025-09-09 07:09:43,captured,TXN-4HKYNABWFICQ
95,98,card,72.89,2025-08-27 20:44:10,captured,TXN-BRJFNB72ZW4L
96,99,Amazon Pay,51.74,2024-10-07 06:56:02,captured,TXN-3D2BUNRQTSEK
97,100,card,55.94,2025-03-13 07:23:49,captured,TXN-CE43GMYU97OF
98,101,card,87.69,2025-02-08 11:22:58,captured,TXN-OJX38GBQODM0
99,102,card,105.2,2025-03-24 02:30:07,captured,TXN-HT85PCVTVENW
100,103,Faire Payout,75.88,2025-06-16 18:57:28,captured,TXN-WTGOV1M6QLGE
101,104,card,205.28,2025-06-19 16:45:46,captured,TXN-1RCIZBL5ESI0
102,105,card,56.47,2024-10-09 19:29:38,captured,TXN-0Z3V3WEF2TLV
103,106,Faire Payout,52.61,2025-02-07 09:36:00,captured,TXN-R8LVYW0NKGWO
104,107,card,155.73,2024-12-11 12:51:38,captured,TXN-CJXFEU8HHRZ6
105,108,card,264.34,2025-01-11 01:43:17,captured,TXN-56HRIMS3IMDX
106,109,card,370.77,2024-11-08 16:56:53,captured,TXN-P5328GRQ0BGD
107,110,Faire Payout,61.29,2025-04-23 05:52:21,captured,TXN-626E6WL80PFR
108,111,Walmart Pay,91.22,2025-03-15 22:46:08,captured,TXN-A8MEVVSI6IJI
109,112,Faire Payout,105.89,2025-03-24 14:04:54,captured,TXN-HPFNHKVIQAD5
110,113,card,38.61,2025-05-17 03:44:44,captured,TXN-P6OJQRLTE0H1
111,114,Amazon Pay,305.72,2025-02-28 14:02:39,captured,TXN-UABUMASO6J2I
112,115,Walmart Pay,37.02,2024-10-01 20:32:57,captured,TXN-B5F2ZQMBWV11
113,116,card,288.68,2025-05-15 14:11:55,captured,TXN-YRVN0UETFUWV
114,117,card,26.8,2025-07-23 05:41:34,captured,TXN-LAGFO0IY7L90
115,118,Faire Payout,444.52,2025-09-04 18:56:49,captured,TXN-XLAHNAZEF9C1
116,119,Amazon Pay,119.94,2025-03-12 03:16:45,captured,TXN-5G8PWY30XIYJ
117,120,card,47.02,2025-06-11 16:03:41,captured,TXN-JU6GM2L7DAXG
118,122,card,170.62,2025-02-26 14:52:40,captured,TXN-2BRVFWLCUY37
119,123,Faire Payout,69.38,2025-04-05 21:39:47,captured,TXN-F6HZF0FN60A6
120,124,Walmart Pay,47.22,2024-11-09 01:17:00,captured,TXN-CZ3Y3WQY97H5
121,125,Walmart Pay,80.51,2025-07-10 18:12:18,captured,TXN-Q2P041CJWO4B
122,126,Amazon Pay,106.91,2025-05-15 16:56:53,captured,TXN-H236717M16PI
123,128,card,143.13,2025-06-07 09:26:10,captured,TXN-CUKDKQZQ4BYZ
124,129,card,49.59,2025-05-24 20:21:57,captured,TXN-SYTD4DILBKVM
125,130,Walmart Pay,78.02,2025-07-11 02:46:33,captured,TXN-EUGN23QP1ICU
126,131,card,35.34,2025-02-15 06:38:17,captured,TXN-7P0NP97ACBLM
127,132,Amazon Pay,13.36,2025-06-02 17:11:19,captured,TXN-UXEZRPYE3NJ7
128,133,card,43.32,2025-06-24 07:52:40,captured,TXN-ICRGZ8X2PUDH
129,134,Walmart Pay,124.21,2025-01-13 17:49:27,captured,TXN-UDIW3NH4P3H1
130,135,Faire Payout,77.1,2025-07-01 00:52:14,captured,TXN-OIDO0QYOY4FB
131,136,card,84.73,2025-05-07 08:50:48,captured,TXN-6H03C16AT5AT
132,137,card,20.86,2025-07-22 01:03:43,captured,TXN-62XWWWSDS285
133,138,card,335.59,2025-03-30 01:50:13,captured,TXN-MA9L4IPW3VG2
134,139,Amazon Pay,62.49,2024-11-18 00:59:57,captured,TXN-SXUCXJ2H8KZB
135,140,card,65.2,2025-01-08 04:32:35,captured,TXN-N6Q9R3YYUQS1
136,141,card,296.76,2025-07-23 08:27:15,captured,TXN-X537AWR6HI9Z
137,142,card,20.92,2025-05-16 13:04:18,captured,TXN-XGDZ27VMM3VL
138,143,card,97.33,2025-07-31 08:22:07,captured,TXN-RM6MQPCEO4JE
139,144,card,38.82,2024-11-01 22:17:56,captured,TXN-6PAAK21K59FQ
140,145,Amazon Pay,26.82,2025-02-27 19:09:00,captured,TXN-8DGZCMK8IMQK
141,146,Faire Payout,104.45,2025-05-16 02:35:08,captured,TXN-KI1VNIS61R1C
142,147,card,61.55,2025-01-26 06:56:44,captured,TXN-Y03DSIBJ0XT1
143,148,card,126.04,2024-11-27 04:17:02,captured,TXN-FYZF8W64ZE5Q
144,149,Amazon Pay,46.1,2025-02-04 00:17:42,captured,TXN-M3BD9RXPCJEJ
145,150,Amazon Pay,59.66,2024-12-18 03:31:09,captured,TXN-8HGGEFQN6K5J
146,151,card,102.04,2025-03-10 05:49:50,captured,TXN-279RVAYCUHV2
147,152,card,299.99,2024-11-28 10:48:41,captured,TXN-CYSGBT8MYWL9
148,153,card,26.14,2025-05-14 12:08:41,captured,TXN-00QAWGKUAD1X
149,154,card,136.79,2025-08-09 18:21:19,captured,TXN-R1GT743SXDLO
150,155,card,361.99,2025-09-07 21:39:44,captured,TXN-A6KIARHMV3CY
151,156,card,122.75,2025-04-24 00:13:10,captured,TXN-CBKOC519EV1K
152,157,card,13.23,2024-12-04 21:11:53,captured,TXN-ESABEVTKE9KJ
153,158,card,183.23,2025-03-16 15:43:07,captured,TXN-4NILRVR7H7I0
154,159,Amazon Pay,150.31,2025-04-24 14:07:08,captured,TXN-K07OP2N5KEXU
155,160,Amazon Pay,32.1,2025-04-10 02:24:02,captured,TXN-W5BRF23B260B
156,161,card,34.98,2024-12-16 13:44:03,captured,TXN-S3M7ITY1VP3I
157,162,card,19.44,2025-03-07 02:48:03,captured,TXN-1UKWUNEQ8LZY
158,163,Walmart Pay,75.17,2025-03-17 08:17:55,captured,TXN-QNEUTSP78AX4
159,164,card,12.72,2025-06-04 22:42:20,captured,TXN-UVBVVC1OGH56
160,165,card,51.87,2025-01-01 01:34:33,captured,TXN-7D2EUYM23J0E
161,166,Walmart Pay,67.46,2025-01-04 23:57:50,captured,TXN-SPNDZFVRXTFX
162,167,card,103.03,2024-09-13 11:17:15,captured,TXN-F5CS68R77TMG
163,168,Amazon Pay,16.87,2025-01-28 00:09:02,captured,TXN-2PZ7F91OVU61
164,169,card,57.1,2025-09-09 06:26:54,captured,TXN-UVV31F5YDT6L
165,170,Amazon Pay,108.88,2025-04-15 00:24:07,captured,TXN-V9BCEYNJ2X9M
166,171,card,12.54,2025-05-21 03:17:35,captured,TXN-FIOWGN433HP2
167,172,Amazon Pay,26.16,2025-02-12 23:00:18,captured,TXN-ILP6JJ71VKJX
168,173,Amazon Pay,37.43,2025-07-19 03:33:58,captured,TXN-GT5I0T46PMDF
169,174,card,276.95,2024-09-13 07:22:00,captured,TXN-UJG1NDXXPRQO
170,175,Amazon Pay,31.66,2025-05-05 18:16:10,captured,TXN-9D7PHI4DTMWS
171,176,card,126.24,2025-07-31 05:18:47,captured,TXN-L5SVTXZOY8DM
172,177,card,127.98,2025-02-05 07:39:15,captured,TXN-D4OKQ3RA7Y5H
173,178,Amazon Pay,59.1,2024-11-16 00:50:53,captured,TXN-CW4LWC4ORPBA
174,179,Faire Payout,88.82,2025-03-17 04:04:36,captured,TXN-DLRG69X9WZ8M
175,180,card,133.61,2024-10-05 07:16:04,captured,TXN-BO37CUT0P16N
176,181,Faire Payout,46.52,2025-01-24 22:01:42,captured,TXN-M761QQ1XI9OL
177,182,card,137.11,2025-08-20 04:41:13,captured,TXN-ZXV9ZILMASIO
178,183,card,106.95,2024-11-23 10:14:19,captured,TXN-I9MTAMW1NZZO
179,184,card,58.35,2025-08-23 20:45:45,captured,TXN-U6JRQ7ZADOZU
180,185,card,513.55,2024-11-01 17:59:52,captured,TXN-3LF504DKNP6S
181,187,card,184.25,2024-12-16 16:41:07,captured,TXN-OQ3FDXCDT4I4
182,188,Faire Payout,129.54,2024-11-23 05:35:15,captured,TXN-SZX711RS1V7X
183,189,Faire Payout,84.44,2025-08-17 03:06:42,captured,TXN-U76D21RGPE8V
184,190,card,129.07,2024-11-19 19:46:31,captured,TXN-K9TODQWYRFVZ
185,191,Amazon Pay,396.21,2025-07-15 00:28:32,captured,TXN-H7UHBBHQWR4I
186,192,card,79.41,2025-08-29 20:37:20,captured,TXN-S0GCA9G2ROUD
187,194,card,92.18,2025-03-02 00:08:04,captured,TXN-TC2S0PKUJTJV
188,195,card,93.78,2025-08-11 16:24:31,captured,TXN-X2N014MFYJVU
189,196,Amazon Pay,19.95,2024-11-16 12:37:08,captured,TXN-I55L8OQ6V7AM
190,197,Faire Payout,129.48,2025-09-11 21:22:29,captured,TXN-OVOP40XNKPML
191,198,card,57.92,2025-04-25 16:23:46,captured,TXN-T6FWY35XKY9C
192,199,card,168.39,2024-10-05 06:36:41,captured,TXN-6E25YDVC2OVV
193,200,Amazon Pay,22.71,2025-04-25 17:42:55,captured,TXN-950T552OT6MP
194,201,card,97.87,2024-10-22 19:14:38,captured,TXN-ADJICTA5D5HS
195,202,Faire Payout,117.13,2025-04-19 19:19:56,captured,TXN-BBJF0K233DHH
196,203,card,48.15,2024-11-23 14:56:56,captured,TXN-GZDNY5EQTGS7
197,204,Faire Payout,64.77,2025-07-14 14:21:47,captured,TXN-0TX0RUK9AL3Q
198,205,Walmart Pay,709.05,2025-04-20 20:04:47,captured,TXN-HMB6TREABGWH
199,206,card,73.5,2025-08-12 17:11:57,captured,TXN-59LPYDJLWX95
200,207,Faire Payout,132.14,2025-04-01 04:42:19,captured,TXN-CXBX6GWR9BCI
201,208,card,102.6,2025-06-28 16:54:57,captured,TXN-64TZLM53J9RC
202,209,card,26.93,2024-11-15 20:07:16,captured,TXN-QNLNM9ZIUBO6
203,210,Walmart Pay,40.94,2025-03-22 17:14:34,captured,TXN-1OJAPKMW2SMK
204,211,Walmart Pay,134.04,2024-12-17 09:36:46,captured,TXN-MYS009D9NKGP
205,212,Amazon Pay,93.13,2025-03-23 05:36:27,captured,TXN-JVWMVS5QW4CI
206,213,Amazon Pay,98.08,2024-10-19 22:15:43,captured,TXN-BM6LPFLIWTGV
207,214,card,116.08,2025-08-13 23:51:35,captured,TXN-ZQR8EYW4PCFE
208,215,Amazon Pay,130.56,2025-04-20 00:13:51,captured,TXN-PLG601WH7GWD
209,216,card,24.23,2025-03-12 06:26:20,captured,TXN-QCN0MGGVF9JB
210,217,Faire Payout,46.87,2024-12-17 05:33:01,captured,TXN-WW2XNSQJ1S8U
211,218,card,60.8,2024-11-30 01:43:56,captured,TXN-PFYZEBTRQQJM
212,219,Faire Payout,64.64,2025-02-18 00:03:14,captured,TXN-NBVLTTGU0TPJ
213,220,card,54.89,2024-09-25 13:48:30,captured,TXN-ZRMFKCOPKCO0
214,221,Faire Payout,89.72,2025-05-04 09:33:40,captured,TXN-RM05H3LO134I
215,222,card,51.81,2025-01-12 06:07:20,captured,TXN-O4XVK3KD3AZK
216,223,card,460.02,2024-10-28 23:51:15,captured,TXN-Z5MLW5MR76FI
217,224,Walmart Pay,18.92,2025-08-06 12:23:55,captured,TXN-2XFEEKQFN5RD
218,225,card,225.06,2024-09-28 23:26:04,captured,TXN-O509XWVMLRXY
219,226,card,264.35,2025-03-18 10:33:44,captured,TXN-DHIH85IBJLFZ
220,227,card,63.95,2024-12-12 22:54:20,captured,TXN-WGF5Z1UMQI2R
221,228,Amazon Pay,56.08,2025-07-02 00:10:07,captured,TXN-MCIDYRSFVOO8
222,229,Amazon Pay,39.19,2024-09-23 22:54:31,captured,TXN-CWMUMGR7S7K2
223,230,card,323.51,2024-12-08 03:13:55,captured,TXN-APU0NUSJCDCK
224,231,card,114.59,2025-05-19 12:41:20,captured,TXN-6EHNXFXDSNJZ
225,232,card,61.91,2024-11-08 13:30:36,captured,TXN-OPI364JBX302
226,233,card,536.21,2024-09-13 22:29:46,captured,TXN-85FCZLORTDSN
227,234,Faire Payout,269.24,2024-11-01 17:48:33,captured,TXN-9075X3ZDO5VX
228,235,Amazon Pay,12.34,2025-03-08 02:06:10,captured,TXN-F3MR7QOX44EA
229,236,card,36.66,2024-12-12 17:36:57,captured,TXN-JO79FBKTTM0J
230,237,Amazon Pay,38.03,2025-02-27 16:23:05,captured,TXN-21F1LTS3LZLK
231,238,card,116.52,2025-01-29 23:30:56,captured,TXN-Q2CPAU9AL0SS
232,239,card,48.75,2024-10-06 09:58:01,captured,TXN-W542OLGJN8LE
233,240,Faire Payout,69.8,2025-03-04 01:03:40,captured,TXN-IAT3H2HP3V09
234,241,card,15.26,2024-11-27 17:29:53,captured,TXN-UWJNOJ3QB9HU
235,242,Walmart Pay,293.33,2024-12-15 00:10:23,captured,TXN-6URNNHT6EQHO
236,243,card,13.14,2025-01-14 05:47:38,captured,TXN-NWV8ABCOT0O0
237,244,Walmart Pay,51.02,2025-07-16 13:50:54,captured,TXN-3DSOQM6S4TJF
238,245,card,65.4,2025-02-28 12:49:24,captured,TXN-8N9MD53R0JT9
239,246,card,344.13,2025-06-27 17:57:02,captured,TXN-WA965TLVFGW2
240,247,Amazon Pay,275.14,2024-12-18 19:20:03,captured,TXN-726MEUO7IFTX
241,248,Faire Payout,315.74,2025-02-14 21:52:43,captured,TXN-7Z9SUJO99ZS5
242,249,Faire Payout,46.42,2025-02-01 03:42:38,captured,TXN-2HC3ZNMXLM02
243,250,card,75.02,2025-07-23 02:50:30,captured,TXN-2DGWNRZPWHWW
244,251,Walmart Pay,62.37,2025-02-04 23:07:52,captured,TXN-F4T8Z2FUH3XE
245,252,Faire Payout,43.36,2024-10-04 20:50:26,captured,TXN-LMR3BYD6CXFD
246,253,card,46.84,2025-03-27 13:45:20,captured,TXN-IN3Q3GHJUKYI
247,254,Amazon Pay,45.59,2025-04-13 13:20:10,captured,TXN-TDZOPO1K9E0H
248,255,card,31.45,2025-02-10 07:08:22,captured,TXN-UR8I1HCYCCBN
249,256,Walmart Pay,204.09,2025-04-23 23:03:58,captured,TXN-MHX48CVFV3T6
250,257,card,54.12,2025-06-28 07:42:38,captured,TXN-8N533UFEQVRR
251,258,Walmart Pay,29.12,2025-07-17 16:47:11,captured,TXN-4XTO6WFF7BCM
252,259,Amazon Pay,65.14,2025-01-19 08:12:32,captured,TXN-BPCAAJXGW1WU
253,260,Walmart Pay,120.02,2025-07-18 04:58:07,captured,TXN-GCVV1ERY460P
254,261,card,64.4,2024-11-24 13:53:13,captured,TXN-4WAGBSATY02Y
255,262,Walmart Pay,123.24,2025-02-01 08:00:23,captured,TXN-LQ2XLR4UDZ4P
256,263,card,182.21,2025-01-12 04:24:22,captured,TXN-H5N6L8NTFZ7X
257,264,Amazon Pay,36.22,2025-08-13 18:49:53,captured,TXN-S2VW0UAQWTFY
258,265,card,70.47,2025-04-19 09:51:07,captured,TXN-FS7OEC1PN5E4
259,267,Faire Payout,117.93,2024-10-02 02:27:43,captured,TXN-YFGUOIGDBUSQ
260,268,card,16.55,2025-05-06 12:20:39,captured,TXN-8L8EQVPKKW0F
261,269,Amazon Pay,76.03,2025-04-11 23:12:34,captured,TXN-1W3QLONTRVSQ
262,270,Walmart Pay,52.9,2025-07-03 10:44:33,captured,TXN-I651NMSA2B37
263,271,card,94.47,2024-12-06 07:12:39,captured,TXN-D6IXSKXV4KJ7
264,272,card,59.87,2025-07-28 22:44:34,captured,TXN-W15W7AHRSDJN
265,273,Faire Payout,83.12,2025-04-19 04:27:46,captured,TXN-VELBH39MZYTH
266,274,Faire Payout,81.07,2025-02-09 03:59:49,captured,TXN-UMD6YYVOH40U
267,275,card,270.0,2025-09-09 17:03:57,captured,TXN-0TZU3ERO7IZH
268,277,Faire Payout,244.71,2024-12-10 15:31:36,captured,TXN-7LBYI9F0HV23
269,278,Faire Payout,20.21,2024-12-09 07:40:15,captured,TXN-N4PBTAC6EQCO
270,279,card,42.81,2025-02-19 12:54:16,captured,TXN-6XKIYEP361H0
271,280,Walmart Pay,14.44,2025-07-01 14:53:42,captured,TXN-ADJL0HW3OLKN
272,281,Amazon Pay,72.83,2024-10-19 08:34:40,captured,TXN-VPHOAW1ZBML2
273,282,card,75.46,2024-10-13 00:36:00,captured,TXN-J3KCK0EVDNVV
274,283,Walmart Pay,48.71,2024-09-26 01:02:31,captured,TXN-LLTOII8QCDWN
275,284,card,60.74,2024-12-04 15:17:29,captured,TXN-28HWVQWDN56O
276,285,Faire Payout,262.22,2024-11-25 14:15:39,captured,TXN-U4JMODLOOOAT
277,286,Amazon Pay,574.26,2025-08-22 18:51:52,captured,TXN-HBCOI39UM3CA
278,287,Amazon Pay,75.41,2025-03-05 01:00:12,captured,TXN-AOFVIIF5DSTW
279,288,Amazon Pay,20.76,2025-01-26 01:19:56,captured,TXN-Z95J2H9BIF9E
280,289,Walmart Pay,48.86,2024-11-26 21:58:08,captured,TXN-BKV9IU8YYO6J
281,290,card,215.06,2025-03-29 20:00:21,captured,TXN-4W7FTABUFG0S
282,291,card,73.54,2025-06-12 12:14:53,captured,TXN-8J9EO2535HO0
283,292,card,29.75,2025-07-17 04:17:06,captured,TXN-A0UXGXOSPN5A
284,293,Faire Payout,89.27,2025-02-15 19:40:01,captured,TXN-77VJPUW5EM3H
285,294,Walmart Pay,31.53,2024-12-30 20:27:05,captured,TXN-LSJUYR4OGRFZ
286,295,card,96.88,2025-07-02 03:04:10,captured,TXN-Q09B1PLS5QNX
287,296,Walmart Pay,54.44,2025-03-21 13:49:21,captured,TXN-9QFJ6ET2VKR8
288,297,Amazon Pay,92.22,2024-10-17 04:32:57,captured,TXN-J5CMOMY6ETTQ
289,298,card,19.97,2024-12-29 10:47:38,captured,TXN-HSFMTROXJTKB
290,299,Faire Payout,125.55,2025-01-15 04:34:57,captured,TXN-YIGJZE3HQ5KW
291,300,card,147.0,2025-06-09 11:14:46,captured,TXN-CSBSKIINCIJ1
292,301,card,146.96,2025-03-23 18:19:38,captured,TXN-VL55GR8MXC2O
293,302,Amazon Pay,350.44,2024-09-21 05:16:32,captured,TXN-W9VHNEAQJQ3V
294,303,Walmart Pay,47.31,2025-08-17 17:43:38,captured,TXN-0AWG0SINSWV5
295,304,card,58.34,2024-09-16 07:05:09,captured,TXN-CV88HGLT59E6
296,305,Walmart Pay,103.83,2025-01-31 00:01:21,captured,TXN-7QAS975AWRQF
297,306,Faire Payout,57.22,2025-09-01 18:14:50,captured,TXN-MVCOSRQ53FA2
298,307,card,30.11,2025-01-24 10:30:00,captured,TXN-ALBPLE6VWWCX
299,308,card,21.64,2024-12-01 00:19:15,captured,TXN-P0NG9PT29ZWP
300,309,Faire Payout,77.28,2025-08-19 16:20:05,captured,TXN-FHGI7YIR2EDP
301,310,Faire Payout,77.68,2025-01-08 00:54:24,captured,TXN-3WHJX6BQ9OEZ
302,311,card,29.78,2024-12-29 16:38:33,captured,TXN-NDU7MXCKXXIM
303,312,card,12.02,2025-08-24 16:31:45,captured,TXN-IKW2615CDB3E
304,313,Amazon Pay,211.98,2025-03-19 18:56:06,captured,TXN-EJM5Q0U6YF6D
305,314,Faire Payout,121.83,2025-05-19 01:46:45,captured,TXN-JNVE1Q9OQIJI
306,315,Walmart Pay,49.65,2025-01-08 08:02:15,captured,TXN-Q7UAYAMPDU7Y
307,316,Amazon Pay,93.05,2024-11-22 21:43:04,captured,TXN-4CXL6N7ZULTH
308,317,card,63.99,2024-11-22 10:32:22,captured,TXN-6HLAXHY1W5NI
309,318,card,29.88,2024-12-24 00:28:04,captured,TXN-5B39G5DFFI59
310,319,card,53.87,2024-12-27 22:19:18,captured,TXN-HA80D569GEOU
311,320,card,122.74,2025-08-06 16:44:41,captured,TXN-ZYGHCNL0GWO5
312,321,card,27.29,2024-11-21 07:19:21,captured,TXN-V4MIL3LAIRYJ
313,322,card,52.2,2025-04-30 23:02:32,captured,TXN-F5U0AXY9061E
314,323,card,69.98,2024-10-28 16:30:37,captured,TXN-CVFDWPWC6VDO
315,324,card,17.75,2025-06-05 11:10:05,captured,TXN-YZ3AASTK1UX3
316,325,card,55.87,2025-08-13 18:15:40,captured,TXN-LK30E04R7M07
317,326,card,326.52,2024-09-19 20:22:32,captured,TXN-P1UHDE02L1X5
318,327,card,87.82,2025-01-21 09:00:10,captured,TXN-48FEKXVTQ9OS
319,328,card,138.81,2024-11-09 07:02:14,captured,TXN-WRML16AJXYOX
320,329,Amazon Pay,440.08,2024-12-26 01:42:28,captured,TXN-G38Q1TQXRX36
321,330,Faire Payout,343.84,2024-09-28 06:07:11,captured,TXN-1U0DP6B38EW4
322,331,card,68.48,2024-10-28 18:14:36,captured,TXN-78V3Q9SFHO9Q
323,332,Walmart Pay,73.6,2025-05-07 19:17:01,captured,TXN-MUNTNGR4ABTY
324,333,Walmart Pay,15.85,2024-11-01 18:07:05,captured,TXN-BDAV0NYPZO6S
325,334,Faire Payout,32.67,2024-10-23 04:01:27,captured,TXN-DGU9ZQ0FHPG0
326,335,card,79.39,2025-04-17 05:57:48,captured,TXN-HJRPJURH3BQY
327,336,Faire Payout,179.62,2025-09-04 06:17:43,captured,TXN-WNGPRU6LMMNB
328,337,Amazon Pay,17.19,2025-09-01 05:06:35,captured,TXN-J03G2HMMW45D
329,338,card,298.41,2025-07-03 19:11:53,captured,TXN-95CVWU0OGWIF
330,339,card,331.76,2024-12-23 00:09:29,captured,TXN-ZC5G6WBNM5KG
331,340,card,68.43,2024-10-31 20:30:38,captured,TXN-ZPC02SBPRP8T
332,341,Amazon Pay,79.94,2025-06-05 14:29:48,captured,TXN-NQR0V5W6SR6L
333,342,Faire Payout,23.38,2025-01-12 02:43:40,captured,TXN-3IG6FIFMGB95
334,343,Walmart Pay,233.44,2025-02-19 05:35:22,captured,TXN-PHNXJEBLY1PW
335,344,Amazon Pay,44.38,2024-10-27 10:13:08,captured,TXN-UDCMHFSWQ0WP
336,345,Faire Payout,58.48,2025-07-13 21:36:18,captured,TXN-0B38GZE4ND8L
337,346,card,141.48,2024-10-25 17:21:01,captured,TXN-FJ8XIEHSIJVA
338,347,Faire Payout,61.45,2025-07-02 16:56:35,captured,TXN-AO4TIA1664RZ
339,348,card,211.67,2025-04-02 22:23:17,captured,TXN-WD1X5MRWQCGU
340,349,Faire Payout,126.64,2024-12-23 09:56:41,captured,TXN-SHM7HOICYPY4
341,351,card,67.29,2024-09-14 00:34:59,captured,TXN-UNQT5BFMNMDP
342,352,card,59.8,2025-03-19 04:56:19,captured,TXN-TXCQ7ATJQ07S
343,353,card,94.51,2024-11-05 08:48:17,captured,TXN-NDWZLD29CZAV
344,354,Faire Payout,35.68,2025-01-17 22:37:24,captured,TXN-CPEQ8TFV09IP
345,355,Faire Payout,58.99,2024-10-29 18:09:31,captured,TXN-D7OKE2JL36W1
346,356,Faire Payout,57.94,2024-10-09 19:26:52,captured,TXN-YOPK1EIXAGZN
347,357,Faire Payout,27.57,2025-04-08 17:23:31,captured,TXN-J6FVWPG0Y0ZA
348,358,card,82.95,2025-08-24 00:11:43,captured,TXN-U43UGYZC2LKX
349,359,Walmart Pay,58.19,2025-02-01 09:12:44,captured,TXN-3HZMU4U0NYYI
350,360,Amazon Pay,67.45,2025-03-21 00:49:15,captured,TXN-HI5CR7R4O00Q
351,361,Amazon Pay,45.87,2025-02-07 18:29:53,captured,TXN-S9DPZA33MSK3
352,362,card,236.56,2025-08-17 08:47:25,captured,TXN-WISH49WG7CCG
353,363,card,36.0,2025-03-06 17:14:52,captured,TXN-TN0NALD5K3I1
354,364,Amazon Pay,440.12,2024-09-21 21:37:21,captured,TXN-F5FZITW9C5KK
355,365,Amazon Pay,25.13,2024-09-16 08:21:10,captured,TXN-M3M3GVJFP6VR
356,366,Walmart Pay,143.53,2024-09-20 16:29:55,captured,TXN-OPUJ79KMZX6T
357,367,card,307.93,2025-04-17 14:31:53,captured,TXN-1KM5T9JFOMX3
358,368,card,26.67,2025-02-19 06:28:16,captured,TXN-RY6F4SF6HHL1
359,369,card,23.01,2024-09-23 09:03:41,captured,TXN-QJ2LM60BCYKE
360,370,card,172.91,2025-07-26 15:10:09,captured,TXN-LPK6HY7GHOAJ
361,371,card,41.98,2025-05-25 23:38:45,captured,TXN-VP5QOT3ZBOCM
362,372,card,19.35,2025-05-16 20:38:32,captured,TXN-F2F2B8QGFYLA
363,373,card,38.68,2025-02-16 05:33:05,captured,TXN-NJ797DGQLCNS
364,374,card,58.69,2025-02-27 07:37:33,captured,TXN-ZU2DLQ5QQ1ZL
365,375,card,31.72,2024-11-26 00:58:09,captured,TXN-CA0LOVQX8UIR
366,376,card,48.07,2025-02-18 19:15:22,captured,TXN-T6E4LI82DPDK
367,377,Walmart Pay,163.67,2024-10-01 20:14:11,captured,TXN-7FWVC0YYZ0YE
368,378,card,149.23,2025-07-27 14:58:44,captured,TXN-8NEOFMAFI60L
369,379,card,33.8,2024-10-20 19:59:37,captured,TXN-9ULNIUY3X539
370,380,card,56.87,2025-04-01 06:33:50,captured,TXN-1GJAHUUOAHO0
371,381,card,80.63,2024-11-19 17:51:05,captured,TXN-HWFK3RU2V4WY
372,382,card,76.28,2024-10-31 12:06:55,captured,TXN-I97JOG8DNG2Q
373,383,card,73.4,2025-07-21 02:31:57,captured,TXN-48QUTPPEKWNH
374,384,card,39.36,2024-11-07 14:31:58,captured,TXN-FXMRBIHGZICS
375,385,card,41.62,2025-03-26 18:14:19,captured,TXN-30VCIF302B7B
376,386,Amazon Pay,122.55,2024-11-02 01:30:22,captured,TXN-CGP99TY6OV8J
377,388,card,58.3,2025-01-23 09:06:36,captured,TXN-1MX3BRSFPCV2
378,389,card,605.25,2025-01-09 07:41:50,captured,TXN-01C8UPMMKNTX
379,390,Amazon Pay,71.89,2025-02-12 01:36:17,captured,TXN-95S7U7AM7GD4
380,391,card,65.54,2025-05-31 23:57:26,captured,TXN-0BWK7JWIXVSI
381,392,Amazon Pay,54.32,2024-12-12 21:17:09,captured,TXN-CMDPONG439CZ
382,393,card,31.82,2025-07-24 07:08:39,captured,TXN-6D7LMPTTCWAS
383,395,Amazon Pay,111.67,2025-04-21 17:00:18,captured,TXN-R7G2E1XZL19U
384,397,Faire Payout,237.8,2025-09-04 00:36:05,captured,TXN-R5RV7K0YOKY4
385,398,card,182.52,2024-10-15 14:31:12,captured,TXN-TBRU28O2AI83
386,399,card,50.17,2025-06-19 15:43:20,captured,TXN-9MJNDW38LIAZ
387,400,card,51.66,2025-03-20 23:35:10,captured,TXN-XATI0KD34XUP
388,401,card,37.91,2025-06-01 18:57:39,captured,TXN-5W0TKX1X2HVB
389,402,Amazon Pay,49.85,2024-11-01 19:58:34,captured,TXN-9NFAEZ9R1557
390,403,card,37.49,2025-04-24 14:43:36,captured,TXN-4WV7O5HGZ7CS
391,404,Faire Payout,173.51,2025-03-28 13:31:51,captured,TXN-5NMY8TSQQSHS
392,405,card,480.94,2025-02-27 04:14:22,captured,TXN-Y2WBFZI5K719
393,406,card,56.81,2025-02-02 23:51:28,captured,TXN-155P60BFXDKR
394,407,Faire Payout,71.1,2025-06-12 13:31:30,captured,TXN-QM2VLDWQA3JF
395,408,card,19.76,2025-03-28 23:29:43,captured,TXN-E89ZR6WP6W4G
396,409,card,43.65,2024-10-20 23:39:05,captured,TXN-6FL0XUAEDI1E
397,410,card,42.95,2025-01-21 09:58:06,captured,TXN-9Q3MDGU9U0TN
398,411,Walmart Pay,162.84,2025-09-12 16:18:26,captured,TXN-INV8BK3GR559
399,412,card,189.38,2025-04-14 12:14:24,captured,TXN-DOS09F9MF3D3
400,413,card,75.76,2025-06-16 06:47:16,captured,TXN-HC1YQ7MH6XXB
401,414,card,178.09,2025-03-07 17:20:27,captured,TXN-J3G92I7HO7JS
402,415,card,275.37,2025-06-03 12:29:44,captured,TXN-LX1S7NGNOXVO
403,416,Faire Payout,65.86,2025-06-04 19:01:05,captured,TXN-TRJ1N7GBDTU3
404,417,Amazon Pay,55.31,2025-07-31 06:36:49,captured,TXN-5GLOTNR5FXLU
405,418,Faire Payout,160.22,2025-05-14 10:53:09,captured,TXN-YAHCJI9YKO2S
406,419,card,39.07,2025-08-26 03:35:00,captured,TXN-TNDUXKZEHU21
407,420,Amazon Pay,144.99,2025-08-13 13:22:53,captured,TXN-FVMSCAC3C4B1
408,421,Faire Payout,23.33,2025-08-30 20:08:08,captured,TXN-2HSAF1N7ZUNG
409,422,Walmart Pay,76.16,2025-07-20 23:20:56,captured,TXN-MV9UJNQWAOKA
410,423,Amazon Pay,51.79,2025-01-30 17:10:04,captured,TXN-XDY9ZN5ILD6B
411,424,Walmart Pay,114.44,2025-04-17 02:34:36,captured,TXN-MRD6O142QMPV
412,425,Amazon Pay,137.01,2025-03-12 01:54:39,captured,TXN-12T3L1D8U8I1
413,426,Faire Payout,63.36,2025-07-23 09:06:42,captured,TXN-06BTSKKNEVOF
414,427,Walmart Pay,101.6,2024-10-20 00:23:43,captured,TXN-0XHW0CAZRXJJ
415,428,Faire Payout,182.25,2024-09-21 17:37:23,captured,TXN-HRXCIGYTIQUP
416,429,card,88.71,2025-02-25 21:21:25,captured,TXN-N4BEN7LG1IJS
417,430,Amazon Pay,175.59,2025-08-07 05:34:39,captured,TXN-HOM0ZZIUGKHG
418,431,card,46.08,2025-04-27 20:48:02,captured,TXN-I3P0MDDZDYOP
419,432,card,51.16,2025-01-04 10:24:57,captured,TXN-VOWW65UQ1QIA
420,433,card,34.27,2025-07-16 08:41:18,captured,TXN-UYL2BKNMDJR4
421,434,Faire Payout,529.02,2025-07-29 12:42:40,captured,TXN-IE5WEG72P7HG
422,435,Amazon Pay,162.9,2025-06-20 11:12:35,captured,TXN-AD2IIIKW4ADP
423,436,card,177.76,2024-10-18 23:44:52,captured,TXN-VRIBW5TW3PB3
424,437,card,13.14,2025-08-20 03:59:50,captured,TXN-U46NXVQWYEGW
425,438,Faire Payout,38.82,2025-05-23 11:07:46,captured,TXN-23Z6MMUK5535
426,439,card,20.85,2025-02-24 07:00:18,captured,TXN-PCI9MS01E6O4
427,440,card,79.6,2025-02-04 14:55:21,captured,TXN-DVRT5BUX2O7I
428,441,card,144.7,2024-10-02 15:08:22,captured,TXN-BZ2JZWWDSMI1
429,442,card,30.74,2025-09-06 15:38:03,captured,TXN-NEBXQZ5BOB07
430,443,Faire Payout,176.91,2025-06-18 20:46:38,captured,TXN-HD1RO68A7XH9
431,444,card,109.9,2025-04-08 07:54:29,captured,TXN-7W0I2CHTLCMT
432,445,Amazon Pay,120.93,2025-02-16 05:23:54,captured,TXN-SPMJ0VA508T0
433,446,card,231.38,2025-06-07 17:14:08,captured,TXN-H5BLD59MRSJR
434,447,Faire Payout,29.46,2024-12-04 10:13:58,captured,TXN-000YKNZKKF9Z
435,448,card,47.79,2025-03-19 23:32:39,captured,TXN-ALBICYIHEIXA
436,449,Walmart Pay,122.2,2025-09-10 22:50:44,captured,TXN-YGLEDFXC3MZG
437,450,card,67.16,2024-12-11 01:51:20,captured,TXN-BV396RFB9Z7G
438,451,card,54.05,2025-04-19 21:45:44,captured,TXN-TW5653S2W2Q0
439,452,Amazon Pay,63.13,2025-07-12 09:31:38,captured,TXN-HR9TZVF0EVHN
440,453,card,23.59,2024-11-27 01:54:59,captured,TXN-W1NS8DRLHFMN
441,454,card,49.44,2025-03-30 21:06:00,captured,TXN-72BHRWBO2OK1
442,455,Walmart Pay,249.75,2025-03-25 17:05:41,captured,TXN-KY2MOIC13JKK
443,456,Walmart Pay,255.55,2025-06-29 16:07:40,captured,TXN-MW8YWBTX8KJH
444,457,Faire Payout,118.27,2025-01-22 22:51:00,captured,TXN-J244RE4AJNP6
445,459,card,205.62,2025-07-28 23:45:25,captured,TXN-91RIK82EV6CN
446,460,Walmart Pay,12.6,2025-06-16 02:30:13,captured,TXN-QC0O8U5EUR2W
447,461,card,62.66,2024-12-08 02:12:28,captured,TXN-T98MSB5OY2LO
448,462,card,18.95,2024-12-11 19:10:06,captured,TXN-QZOC2AWZIANB
449,463,card,54.09,2025-03-19 02:11:44,captured,TXN-J2A4UC5U0N51
450,464,Amazon Pay,527.6,2025-03-27 01:55:19,captured,TXN-ZHU23XMPAME9
451,465,card,142.6,2024-12-12 02:46:41,captured,TXN-NVDCP0KTI41L
452,466,card,63.45,2025-04-15 05:41:30,captured,TXN-1FY0DDYC9U10
453,467,Walmart Pay,118.98,2025-01-17 04:20:35,captured,TXN-715N7CV6ULEC
454,468,card,33.67,2025-06-06 01:51:26,captured,TXN-5IJ20RJHYXZM
455,469,Faire Payout,129.94,2025-08-16 08:19:06,captured,TXN-86GK1KH2XSKT
456,470,Faire Payout,39.47,2024-10-01 03:50:12,captured,TXN-T7FVELH8SA69
457,471,Walmart Pay,61.3,2025-08-29 12:20:58,captured,TXN-HICTC7EMKKDM
458,472,card,34.9,2024-10-04 02:09:35,captured,TXN-9N7C7N9VPNBX
459,473,Faire Payout,93.13,2025-05-15 07:35:28,captured,TXN-61UA3DLAKCIM
460,474,Amazon Pay,58.59,2025-04-04 08:24:12,captured,TXN-GB2ZE1Q1AKIA
461,475,Faire Payout,43.33,2025-08-19 09:16:49,captured,TXN-Y3PGIFFE3551
462,477,card,50.19,2024-09-28 13:24:26,captured,TXN-PZ8MRVAT1B5E
463,478,card,20.54,2025-06-09 10:36:24,captured,TXN-6RO8EJ2WQ9ZX
464,479,Amazon Pay,58.28,2024-10-19 15:36:06,captured,TXN-JZ9NLCOJTBRD
465,480,Faire Payout,56.31,2025-01-28 11:52:47,captured,TXN-YQ21W6VODJUY
466,481,Faire Payout,54.24,2024-12-15 15:58:46,captured,TXN-7EDLJSHFAR0B
467,482,card,58.35,2024-10-08 03:57:11,captured,TXN-HNC5SSYIWBP4
468,483,card,196.81,2025-02-24 07:40:30,captured,TXN-2YOY4498N3BB
469,485,Amazon Pay,102.6,2024-11-08 13:26:29,captured,TXN-5N7VIQJ07CFU
470,486,Walmart Pay,61.0,2024-11-13 06:26:22,captured,TXN-2IGD7SQMG7N0
471,487,card,284.59,2025-08-20 09:41:56,captured,TXN-SCUSHKA5DYFT
472,488,card,59.43,2025-01-15 19:24:48,captured,TXN-ZCVQF14PL3WX
473,489,Amazon Pay,59.4,2024-12-30 23:59:46,captured,TXN-1EVOCPGU8OR9
474,490,Walmart Pay,22.6,2025-01-03 23:58:44,captured,TXN-EK018LKF4D7E
475,491,card,20.54,2025-04-10 01:38:40,captured,TXN-IOBGCRFENBBE
476,492,Amazon Pay,40.1,2025-06-26 03:05:24,captured,TXN-BEAEOSC90OGR
477,493,card,20.35,2025-09-03 14:08:20,captured,TXN-M5846YNT146L
478,494,Amazon Pay,20.94,2025-02-23 11:58:22,captured,TXN-E2SDATUDV0HC
479,495,Faire Payout,152.99,2024-09-23 01:08:21,captured,TXN-Q8ETHGU5OWZ7
480,496,card,81.36,2024-11-24 19:26:48,captured,TXN-JQ7JE5KFJSMJ
481,497,card,32.13,2025-07-24 13:23:21,captured,TXN-BPVB3IA2BWT7
482,498,Faire Payout,21.15,2024-12-16 01:27:17,captured,TXN-ZN27NDKVPJXQ
483,499,card,55.09,2024-10-22 15:32:30,captured,TXN-B2KJEU6D1V55
484,500,Amazon Pay,308.05,2025-03-27 15:30:21,captured,TXN-NJ6ANDVTG0TE
485,501,card,93.76,2025-01-19 09:17:28,captured,TXN-LHCC6VW4PA2R
486,502,card,66.02,2024-11-20 05:32:57,captured,TXN-PP83CDNCSBVL
487,503,card,19.83,2025-05-25 12:11:11,captured,TXN-7QXOPZF4YJEK
488,504,card,129.42,2025-05-18 21:09:56,captured,TXN-83AHVPU9UK9X
489,505,Amazon Pay,60.1,2025-09-09 16:04:46,captured,TXN-PWAIASVNA4TY
490,506,card,245.53,2025-08-30 08:22:08,captured,TXN-OAE0J9JTRCN5
491,507,card,71.96,2024-10-15 02:40:53,captured,TXN-GACLVEL3EHUD
492,508,card,25.24,2024-09-17 11:43:17,captured,TXN-94EK1YXKYZEM
493,509,Faire Payout,61.24,2024-11-14 15:28:59,captured,TXN-S1FH9M8N2Z1I
494,510,card,45.76,2025-04-17 07:23:31,captured,TXN-5NDZ3B27WXO9
495,511,card,94.32,2025-01-30 10:20:04,captured,TXN-69H2D4DTW68O
496,512,Amazon Pay,66.11,2025-02-04 01:55:14,captured,TXN-42CGHV2T2MAF
497,513,card,148.93,2025-03-16 17:12:31,captured,TXN-1EWNUS9M85MW
498,514,card,70.6,2024-12-09 18:48:37,captured,TXN-KIL1G1VSVW7E
499,515,card,272.79,2024-11-03 11:56:38,captured,TXN-Q3OGULGJRCNY
500,516,Faire Payout,45.45,2025-07-27 18:33:41,captured,TXN-Q5RICLNTP7ON
501,517,Faire Payout,64.82,2025-02-18 07:42:26,captured,TXN-7E8LKU74W6GM
502,518,Amazon Pay,250.0,2025-04-13 03:51:21,captured,TXN-0B4DA71TB6CS
503,519,Faire Payout,152.8,2025-03-03 08:01:11,captured,TXN-PPC5CX2EQM0N
504,520,card,15.78,2024-10-10 03:06:16,captured,TXN-MJWBVHZXUKS2
505,521,Faire Payout,241.32,2024-10-29 07:58:28,captured,TXN-TYSX0XIB977V
506,522,Walmart Pay,46.51,2024-12-31 12:36:52,captured,TXN-67J42MYCISKN
507,523,card,14.57,2025-07-27 15:54:01,captured,TXN-MPOFYZPJ7C1M
508,524,Faire Payout,54.2,2024-12-21 07:38:43,captured,TXN-9E67Z26MNGT8
509,525,Faire Payout,310.74,2025-01-17 03:01:37,captured,TXN-PVGL2SL52WH8
510,526,card,93.94,2024-10-08 16:27:06,captured,TXN-PY4UYT3KL6TN
511,527,card,24.65,2025-03-10 23:06:06,captured,TXN-483R30LUVJHD
512,528,card,33.17,2025-08-21 20:59:53,captured,TXN-0J7O268HY88Y
513,529,card,78.83,2025-05-01 07:27:10,captured,TXN-LZ3P0TLHY9K4
514,530,card,42.77,2025-01-12 23:51:20,captured,TXN-3AOE6NP9W9RE
515,531,Amazon Pay,12.52,2025-04-04 10:04:40,captured,TXN-YIG82LCYU9A3
516,532,Amazon Pay,65.73,2024-10-04 00:44:33,captured,TXN-I07RIGDB9P2T
517,533,Faire Payout,14.43,2024-10-05 13:35:12,captured,TXN-I0PCCEV059SL
518,534,card,22.6,2024-11-12 21:50:43,captured,TXN-5CMN4IFJEQ4D
519,535,Amazon Pay,89.54,2025-07-10 09:45:40,captured,TXN-ZT2P3QZ8HU58
520,537,card,126.45,2024-11-25 14:13:07,captured,TXN-A4554O5DYV55
521,538,card,56.69,2025-05-14 15:24:48,captured,TXN-016Q5PFNJKS3
522,539,Faire Payout,15.28,2024-09-18 05:30:39,captured,TXN-ZV10OIMY9IR8
523,540,card,50.01,2025-06-19 12:37:55,captured,TXN-TBMOF5CUZ2LQ
524,541,card,61.93,2025-08-16 01:11:41,refunded,TXN-4NL47YQT4UCR
525,542,card,101.59,2025-03-09 00:39:08,captured,TXN-UNO4QSVW3PMY
526,543,Amazon Pay,150.41,2025-03-24 17:47:40,captured,TXN-TNW9KFS2ELUE
527,544,Amazon Pay,38.93,2024-11-25 18:37:24,captured,TXN-0D2IUDOY9WP4
528,545,card,24.26,2024-11-07 07:55:40,captured,TXN-H50QE2LTCYCE
529,546,Faire Payout,14.04,2025-08-10 03:57:24,captured,TXN-JPVTX1E938CN
530,547,card,87.04,2025-04-27 05:06:30,captured,TXN-YXKCOR7HTXUV
531,548,Faire Payout,41.19,2025-09-03 04:51:23,captured,TXN-INO9J165XYVO
532,549,Walmart Pay,30.76,2025-02-02 00:49:20,captured,TXN-4MY2J51UH2CZ
533,550,card,151.08,2025-07-14 00:25:52,captured,TXN-K6FZEYKECRYP
534,551,card,25.45,2024-12-03 07:43:36,captured,TXN-6BYBNFET0Z97
535,552,Amazon Pay,157.59,2024-09-29 17:29:44,captured,TXN-LO3U0ASK3ISB
536,553,card,58.28,2025-04-02 17:46:21,captured,TXN-OS1WI5CI5C12
537,554,card,30.51,2025-04-17 04:13:34,captured,TXN-ISB9KO6GR17O
538,555,card,14.0,2025-04-25 21:58:43,captured,TXN-Y2CPTYDSK1UO
539,556,Faire Payout,171.15,2024-11-21 04:35:13,captured,TXN-Y3Z85110LL1Y
540,557,Amazon Pay,84.09,2025-01-24 12:41:38,captured,TXN-TPFHTAPYRSGZ
541,559,Faire Payout,81.25,2025-01-19 11:36:57,captured,TXN-XLA0UCOYNSDR
542,560,card,131.13,2024-11-10 14:31:14,captured,TXN-W3Z1HN4YBL0S
543,561,card,64.34,2024-10-06 16:57:14,refunded,TXN-NS71WLCEBP6E
544,562,card,64.08,2025-06-09 06:00:51,captured,TXN-SXO777WBMJ4L
545,563,Faire Payout,107.77,2024-09-28 00:13:26,captured,TXN-CW47ZX3ID5HC
546,564,card,49.9,2025-03-03 23:56:12,captured,TXN-MZRBRNDER5BU
547,565,card,126.95,2025-03-19 05:08:31,captured,TXN-9QRNIN8PGMRP
548,566,card,25.36,2024-11-26 01:07:32,captured,TXN-86N1UE2W9FDT
549,567,card,75.44,2025-08-01 19:45:06,captured,TXN-P56BI342QELS
550,568,card,25.31,2025-08-16 10:40:08,captured,TXN-COQGHA2P0RY3
551,569,card,69.18,2025-02-17 20:51:00,captured,TXN-6WIVLW5NWTVR
552,570,Amazon Pay,59.94,2025-06-05 23:42:50,captured,TXN-WXDJVX5CPTSF
553,571,card,222.44,2025-06-22 18:26:08,captured,TXN-CW6D7F564FJB
554,572,card,72.49,2025-03-21 13:26:59,captured,TXN-9KHHSNUZLM9U
555,573,Faire Payout,67.25,2025-07-13 22:27:20,captured,TXN-1KKNQ4WJ8OGR
556,574,Faire Payout,439.63,2025-01-25 10:09:27,captured,TXN-O2N58JKMQU66
557,575,Walmart Pay,47.99,2024-12-19 16:40:47,captured,TXN-HMMV65AN6FGG
558,576,card,143.37,2025-09-08 19:04:07,captured,TXN-LFPC5680S3JZ
559,577,card,362.94,2025-05-21 15:57:05,captured,TXN-F2P2ZCXC32QE
560,578,Faire Payout,23.35,2025-02-25 15:19:36,captured,TXN-BNFAF371GU7F
561,579,Faire Payout,147.98,2025-04-24 17:44:58,captured,TXN-OB9J3A5JOV41
562,580,Amazon Pay,32.03,2025-08-26 07:03:19,captured,TXN-SGEDSHFHU67X
563,581,card,691.59,2024-11-24 07:52:40,captured,TXN-1QH2SVTI7H9T
564,582,card,160.56,2025-06-26 02:07:24,captured,TXN-PPHN4FVN799H
565,583,card,74.05,2025-08-01 04:22:17,captured,TXN-P08I8J0YSIY2
566,584,card,32.08,2024-12-09 22:25:49,captured,TXN-Y26F1VB1SYEF
567,585,card,15.42,2025-02-19 19:20:02,captured,TXN-S87I19JIL40C
568,586,card,55.5,2025-01-01 10:34:18,captured,TXN-RV9LX1DQ2OIA
569,587,card,12.91,2025-05-19 16:43:30,captured,TXN-O1T2AG8T2OZ7
570,588,card,210.24,2025-09-03 10:44:21,captured,TXN-RDJ6YTIGFY81
571,589,card,23.51,2025-05-10 12:20:06,captured,TXN-7KKPY7LQ1CTS
572,590,card,142.12,2024-10-17 22:26:52,captured,TXN-NHHL0Q9FZY4Q
573,591,card,41.79,2024-09-22 04:32:36,captured,TXN-8VYDGOUP0XHU
574,592,Amazon Pay,222.64,2025-02-13 17:07:32,captured,TXN-5Y1LUY1R80TT
575,593,card,238.35,2025-06-24 03:15:55,captured,TXN-IMIBI6ZR2NCK
576,594,card,23.08,2024-11-06 23:46:43,captured,TXN-DQU1PRGOV5GR
577,595,card,34.18,2025-08-08 08:36:21,captured,TXN-OMZ1MBKVU075
578,596,card,21.31,2025-03-13 09:21:31,captured,TXN-WO71ALSA6VF0
579,597,Walmart Pay,79.76,2024-10-09 23:03:05,captured,TXN-JHTIHNMIRGFY
580,598,Walmart Pay,48.15,2024-11-04 23:07:21,captured,TXN-B7PZ3184GMOH
581,599,Faire Payout,23.25,2025-08-14 21:51:39,captured,TXN-LUBKAFNSPAQL
582,600,Walmart Pay,18.85,2025-06-06 23:35:19,captured,TXN-CW4GHDLAXPV9
583,601,card,32.04,2024-10-04 07:16:35,captured,TXN-RX9EWI9IOOF5
584,602,Faire Payout,163.13,2024-12-07 17:03:10,captured,TXN-K7WEXEDYRKF1
585,603,card,413.14,2024-12-21 04:12:43,captured,TXN-HMC1OF522D79
586,604,card,35.83,2025-07-09 19:48:20,captured,TXN-JVJS25XT49FP
587,606,Walmart Pay,55.11,2024-10-01 01:03:06,captured,TXN-UF0FBIAJN0O8
588,607,card,52.61,2025-08-18 04:07:51,captured,TXN-W36B6P7GGEIC
589,608,Walmart Pay,38.84,2025-03-24 04:19:13,captured,TXN-KO7LFAROP9XC
590,609,Faire Payout,283.22,2024-09-15 02:07:22,captured,TXN-PNUSW1FT7HCY
591,610,Amazon Pay,297.85,2025-03-25 03:53:01,captured,TXN-Y1J1DDW47J45
592,611,card,115.85,2024-12-14 17:39:17,captured,TXN-W4TO67UFM0N7
593,612,card,91.67,2025-06-28 08:39:44,captured,TXN-U0Z0GLZ2ORPN
594,613,Walmart Pay,379.0,2025-06-11 09:24:43,captured,TXN-9DJ0NAZLJCTZ
595,615,Amazon Pay,14.56,2025-01-20 22:02:21,captured,TXN-KMK60DV525MY
596,616,card,318.37,2024-09-29 21:50:37,captured,TXN-3WVNK65W5VQY
597,617,Walmart Pay,88.03,2024-09-26 02:04:10,captured,TXN-HAVEN96DGDY3
598,618,card,36.04,2025-06-13 08:31:50,captured,TXN-ZZ77K5YDRVKF
599,619,card,73.34,2025-08-14 18:49:25,captured,TXN-DPXV35K48VBA
600,620,card,64.91,2025-09-02 20:15:28,captured,TXN-OICQXFEJRF5N
601,621,Amazon Pay,49.37,2025-06-11 03:29:22,captured,TXN-V4HJ2TSN5H4X
602,622,Faire Payout,23.06,2024-12-23 05:16:07,captured,TXN-Q2ABLN6YRFQF
603,623,Walmart Pay,16.33,2024-09-21 22:31:43,captured,TXN-VJ06UN14LTMH
604,624,card,400.97,2025-06-09 22:53:49,captured,TXN-Z3GS17B4AS7I
605,625,card,215.05,2024-11-14 16:30:26,captured,TXN-HP03JI1X75R8
606,626,card,27.31,2025-05-26 11:30:11,captured,TXN-AYKN9X1JKMID
607,627,card,37.18,2025-01-02 04:23:15,captured,TXN-12HM9SZL8OVL
608,628,card,156.25,2025-05-08 21:21:12,captured,TXN-3ABULPI3BAJW
609,629,Walmart Pay,45.25,2025-01-09 23:00:35,captured,TXN-T0JZUVN5WCBK
610,630,Faire Payout,23.9,2024-10-03 08:13:39,captured,TXN-0REB7FR2P9EC
611,631,Walmart Pay,62.87,2024-09-29 18:46:25,captured,TXN-4BJ1ALZBSARP
612,632,card,57.32,2025-04-10 05:35:30,captured,TXN-0UFKQGPFFU5V
613,633,card,378.74,2025-02-11 10:37:26,captured,TXN-4BB67IYLAJ0E
614,634,card,72.47,2025-04-29 09:54:55,captured,TXN-ZT4L1NSSMCI9
615,635,Walmart Pay,146.73,2025-07-12 17:44:54,captured,TXN-XLJ99F91K9A5
616,636,Walmart Pay,27.01,2025-06-20 00:59:10,captured,TXN-6IBE6TPRXASB
617,637,card,68.52,2024-11-16 01:31:33,captured,TXN-R5OF4Q9ELB0T
618,638,Faire Payout,23.29,2025-02-05 07:00:00,captured,TXN-UV2OKH8348W3
619,639,card,56.2,2025-09-07 01:38:35,captured,TXN-M47X7N3Q5VM5
620,641,card,16.08,2025-06-02 03:14:15,captured,TXN-7OFN0IORW09U
621,642,Faire Payout,19.8,2024-09-13 19:35:15,captured,TXN-T592WFF6J6D5
622,643,card,127.13,2025-04-04 02:12:58,captured,TXN-WH4RK7U9IJI3
623,644,card,31.18,2024-12-19 15:49:33,captured,TXN-M82EXOTHKWL9
624,645,Walmart Pay,68.81,2025-08-26 12:39:45,captured,TXN-MXU0YOXAXTMO
625,646,card,51.06,2025-04-26 06:39:03,captured,TXN-0MSZUTYFFA0S
626,647,card,97.95,2025-06-08 04:19:58,captured,TXN-JTHADUHPRN6D
627,648,Amazon Pay,12.53,2025-09-04 00:41:37,captured,TXN-9A2NRDHV4UQR
628,649,Faire Payout,75.88,2025-07-14 15:19:09,captured,TXN-OL5LJMHUK7XB
629,650,Amazon Pay,46.17,2025-09-09 06:25:02,captured,TXN-I6TOVRPH515B
630,651,card,70.74,2025-04-11 07:53:45,captured,TXN-JAON31E11L63
631,652,card,21.05,2025-07-15 08:23:33,captured,TXN-0NPA4DCHDUYM
632,653,card,161.79,2025-02-22 19:20:52,captured,TXN-G23VK2J9Y20H
633,654,card,515.31,2024-11-24 04:40:18,captured,TXN-NP1FE6NF27CR
634,655,Walmart Pay,59.8,2025-07-08 18:09:24,captured,TXN-3MIDCDCIBALM
635,656,Faire Payout,83.74,2025-04-04 17:17:51,captured,TXN-XWG77W9RFR8X
636,657,card,17.59,2024-10-30 19:37:36,captured,TXN-TZCHHTWI7DN2
637,658,card,141.55,2024-10-03 13:52:23,captured,TXN-KH00Q7W8FPN9
638,659,Walmart Pay,87.32,2025-01-23 21:43:21,captured,TXN-OKSUK8YHJQKC
639,660,card,35.81,2024-11-12 02:06:46,captured,TXN-HHX1RG5CWQU8
640,661,card,259.06,2024-09-24 12:56:48,captured,TXN-LJDKBCG3DP7H
641,662,card,200.4,2024-12-11 11:32:48,captured,TXN-UPU5SSRL0BBF
642,663,card,155.08,2025-04-19 13:10:50,captured,TXN-8S6WNSDZDBOW
643,664,Faire Payout,88.12,2025-01-13 01:27:05,captured,TXN-9R0A93Q1NVC6
644,665,card,200.79,2025-06-08 21:45:25,captured,TXN-M5ZONA9Q6HSB
645,666,card,73.25,2025-09-09 14:11:18,captured,TXN-EXB4GKYN01E6
646,667,Faire Payout,61.66,2025-03-23 12:56:53,captured,TXN-JN36HGVTV8K0
647,668,card,110.99,2025-04-08 09:33:57,captured,TXN-1YQOWDQXHDU4
648,669,card,58.18,2025-02-22 20:19:16,captured,TXN-IYZZHR5SM8OL
649,670,Faire Payout,23.86,2024-09-18 09:42:14,captured,TXN-IOGPLFROUWHU
650,671,card,166.82,2025-08-10 12:35:56,captured,TXN-J1O2ISXCIIWK
651,672,card,42.4,2025-06-02 18:52:43,captured,TXN-F1UP6IREEXFQ
652,673,card,55.33,2025-05-31 20:27:36,captured,TXN-JFMAYTH78VR4
653,674,card,326.0,2025-07-26 11:14:22,captured,TXN-55CWLRLEJW6O
654,675,card,35.5,2024-09-27 07:29:41,captured,TXN-LWNEW7EOQF95
655,676,Faire Payout,87.02,2025-01-08 00:02:41,captured,TXN-IHERGIQ585JF
656,677,card,60.34,2025-02-04 22:36:30,captured,TXN-ZT9UK8E0GUYT
657,678,card,169.09,2025-01-19 05:24:15,captured,TXN-MHCJ6BZLCOZC
658,679,Faire Payout,28.51,2025-03-04 21:32:31,captured,TXN-VGK4VKKLLP46
659,680,Walmart Pay,96.06,2025-05-22 03:43:20,captured,TXN-8WRADQCJYYEI
660,681,card,94.3,2025-08-20 20:51:44,refunded,TXN-G1Z8SAOXPT6V
661,682,Faire Payout,19.33,2024-10-19 17:59:10,captured,TXN-HL6PDE562W05
662,683,card,18.84,2024-09-19 11:55:07,captured,TXN-NJ6295W5WLOK
663,684,card,155.26,2025-06-19 06:31:31,refunded,TXN-AQAEQ3SRRH0Y
664,685,Amazon Pay,310.39,2025-03-08 02:45:56,captured,TXN-C9SA04DYZN53
665,686,card,25.24,2025-04-10 03:37:52,captured,TXN-LII4MESDEEL9
666,687,card,59.73,2025-08-31 19:55:12,captured,TXN-ES1RE8Q7ZXMB
667,688,card,53.9,2025-06-21 10:55:40,captured,TXN-WKADPTQYFNFQ
668,689,Faire Payout,31.11,2025-04-11 16:35:28,captured,TXN-RIYU4FLNZOBK
669,690,card,136.8,2025-02-22 10:46:18,captured,TXN-IGHDMCIIO3A4
670,691,card,38.7,2024-11-22 10:31:03,captured,TXN-J9YJTGFX6HFT
671,692,card,53.65,2025-08-26 01:18:23,captured,TXN-Y22EWXVBDEEP
672,693,Walmart Pay,54.37,2025-07-31 21:03:32,captured,TXN-DN333DZFY12U
673,694,card,197.49,2025-07-07 13:48:20,captured,TXN-YB717ALKPXR8
674,695,card,217.56,2025-06-18 10:35:29,captured,TXN-Y19YF2BM6J1N
675,696,card,63.56,2025-04-08 19:14:44,captured,TXN-S9QJR42RRWSC
676,697,card,34.76,2024-09-24 20:07:02,captured,TXN-N43U38U8ZXKX
677,698,Amazon Pay,43.89,2025-06-29 12:54:58,captured,TXN-VD854PXX2PDT
678,699,card,57.54,2025-07-05 13:24:14,captured,TXN-5JNUGF1B5D4K
679,700,card,13.58,2025-05-11 22:56:37,captured,TXN-TZKNRFIIPCZ1
680,702,Faire Payout,28.38,2025-06-28 09:35:28,captured,TXN-G0Z5V54UQOXM
681,703,Amazon Pay,61.73,2025-08-05 23:55:48,captured,TXN-Z7J77V7A0XDK
682,704,Walmart Pay,387.54,2025-01-06 22:08:48,captured,TXN-PJFK5AIE0518
683,705,Walmart Pay,40.91,2025-08-02 13:00:59,captured,TXN-0RU0SYXM71LY
684,706,Walmart Pay,63.95,2025-02-03 10:47:32,captured,TXN-9LHYOCGJKEQL
685,707,card,89.79,2024-12-27 10:15:12,captured,TXN-YG1XNM9M93ZN
686,708,card,25.12,2025-02-26 15:22:03,captured,TXN-TS9YTUA8BUN0
687,709,card,62.79,2025-03-20 00:18:22,refunded,TXN-7JLUAH2OTLYT
688,710,card,68.6,2024-09-22 19:25:33,captured,TXN-CRU0PQPQ1OVE
689,711,Amazon Pay,79.85,2024-10-09 09:49:29,captured,TXN-VZKX693N37X5
690,712,card,59.19,2024-11-25 01:09:55,captured,TXN-YRG502IQ4O2W
691,713,Walmart Pay,26.53,2025-04-23 21:30:42,captured,TXN-Y4NSIL4MMYQZ
692,714,card,69.81,2025-07-05 04:54:23,captured,TXN-I1UU742ZQSCF
693,715,card,56.7,2025-02-17 09:00:09,captured,TXN-DNR2PGHGLTMK
694,716,card,17.83,2025-04-23 18:53:16,captured,TXN-XO2Y4TLGH60O
695,717,card,21.19,2025-04-27 08:11:04,captured,TXN-JBPMNZN6Y225
696,718,card,81.45,2025-05-27 12:33:47,refunded,TXN-03SYT2VY26BL
697,719,Amazon Pay,39.45,2025-07-05 05:22:19,captured,TXN-86WDOBQI0DBB
698,720,Amazon Pay,105.23,2024-12-08 16:42:00,captured,TXN-0S293X97HYC0
699,721,Faire Payout,498.4,2024-11-12 03:34:06,captured,TXN-OMLUEPJM69IN
700,722,Faire Payout,82.88,2025-06-04 07:41:03,captured,TXN-J864WMKGJH1S
701,723,Faire Payout,19.8,2025-02-12 23:55:09,captured,TXN-JDCMX6RZ7W8G
702,724,card,57.82,2025-08-06 14:26:20,captured,TXN-3NN7F75UHJQ7
703,725,card,42.32,2025-09-06 03:06:14,captured,TXN-95WBGQYA92R0
704,726,card,67.35,2025-03-08 02:35:54,captured,TXN-7ZF6P3LAQ6ZP
705,727,card,72.91,2025-05-29 09:55:31,captured,TXN-HFTCVM48S70Z
706,728,card,113.91,2025-01-01 15:36:11,captured,TXN-FE6XTS1VEWTU
707,729,Faire Payout,60.64,2025-03-07 11:09:59,captured,TXN-WUBS1DJUS8ZB
708,730,card,19.91,2025-08-02 16:10:40,captured,TXN-DTLUQN0TRFOC
709,731,card,211.92,2024-09-26 19:04:11,captured,TXN-06BMD38S7SGP
710,732,card,124.89,2024-11-02 01:51:56,captured,TXN-9HHSQNNWKX3M
711,733,Faire Payout,110.26,2025-08-28 11:57:09,captured,TXN-DX60R54DKRVQ
712,734,card,51.94,2025-08-27 20:57:17,captured,TXN-Q9BU6QUC6TP2
713,735,card,68.58,2025-07-10 21:03:19,captured,TXN-ZR5OQHAI46L6
714,736,Amazon Pay,52.62,2025-08-01 03:46:22,captured,TXN-I3K6D02W5EGX
715,737,card,20.28,2024-12-08 01:49:53,captured,TXN-4H32UZWYZ1Q7
716,738,card,25.87,2025-01-30 07:05:25,captured,TXN-7Q0QNKO4FBFT
717,739,card,118.17,2025-05-10 01:40:15,captured,TXN-RH0J8A2VKM88
718,740,card,449.2,2025-03-30 19:49:06,captured,TXN-G5Z5O7PEO0AM
719,741,card,247.44,2025-01-20 21:41:05,captured,TXN-KYWC7MAGYERS
720,742,card,200.52,2024-10-21 02:13:08,captured,TXN-U0KFD5MTHGEW
721,743,card,97.57,2025-09-06 21:19:28,captured,TXN-WZ8QPG02VCV5
722,744,Amazon Pay,44.54,2024-12-16 12:30:50,captured,TXN-JUIDFI9NYUBG
723,745,Walmart Pay,36.07,2024-12-27 14:34:56,captured,TXN-TH3K53FPFM3C
724,746,Walmart Pay,39.0,2025-05-22 02:55:00,captured,TXN-Q21EGBWDUPUM
725,747,Amazon Pay,62.53,2025-05-04 13:15:56,captured,TXN-T7UUMQRRXZK1
726,748,card,146.71,2025-06-18 13:47:49,captured,TXN-WX38OJA1JVB6
727,749,Walmart Pay,60.94,2025-03-10 10:25:50,captured,TXN-SSNIXEHACC6D
728,750,card,542.26,2024-11-30 10:03:39,captured,TXN-D6097OSQ8BT8
729,751,card,104.43,2025-08-30 20:55:22,captured,TXN-M9ILFOA5HIWS
730,752,card,220.0,2024-09-17 18:39:47,captured,TXN-9LX5JQSQIVUV
731,753,card,129.98,2025-08-06 11:55:04,captured,TXN-DY7N0914WM42
732,754,Faire Payout,77.15,2025-02-01 14:35:19,captured,TXN-KXGFJS5RLTC8
733,755,Amazon Pay,88.7,2025-07-08 08:44:18,captured,TXN-4WLQ4S16V9PC
734,756,Faire Payout,13.17,2024-10-08 14:07:02,captured,TXN-9LRKPQJBTTM5
735,757,card,38.98,2025-07-15 13:42:31,captured,TXN-QQ8FIDQGZ0C7
736,758,card,65.09,2025-06-21 07:13:29,captured,TXN-T5EERYVZVHT8
737,759,card,45.72,2025-08-21 02:23:55,captured,TXN-ZBWPZ7BLPCAB
738,760,Amazon Pay,118.29,2025-06-25 05:49:43,captured,TXN-8SZOP41XT01O
739,761,card,38.59,2024-10-03 06:01:56,captured,TXN-KPSY9UF4JQQ3
740,762,card,155.05,2025-08-28 17:21:56,captured,TXN-WTUC7PZTFC26
741,763,card,108.64,2025-09-06 13:55:10,captured,TXN-7KTH4KCY35V2
742,764,Faire Payout,266.16,2025-08-06 13:30:19,captured,TXN-SN563PD8LEPF
743,766,card,32.58,2025-05-14 08:25:46,captured,TXN-QFVJIKKE3WX9
744,768,card,138.24,2025-04-30 14:47:48,captured,TXN-9K6GS7XRHI0F
745,769,card,53.51,2025-09-09 22:07:47,captured,TXN-883HORG2LR4N
746,770,Amazon Pay,103.41,2025-06-06 23:36:41,captured,TXN-75YRPFZJKD3R
747,771,card,55.37,2025-05-11 06:24:40,captured,TXN-TF4C5LELZB1Y
748,772,Amazon Pay,202.19,2024-11-17 14:57:57,captured,TXN-JMIQKUFAO2ZM
749,773,Faire Payout,48.68,2025-01-05 12:57:00,captured,TXN-HFRJXYRAPVU4
750,774,card,60.41,2025-08-30 19:58:13,captured,TXN-68VJGQQ2TG8C
751,775,Walmart Pay,67.19,2024-10-26 07:11:41,captured,TXN-XTH3OP3699QG
752,776,card,95.4,2025-07-02 03:20:06,captured,TXN-DPWBAMOZXA99
753,777,card,187.14,2024-10-27 16:37:37,captured,TXN-SKFUI0W0JSQZ
754,778,card,64.46,2025-06-09 10:14:07,captured,TXN-E5SP5LKRIAFE
755,779,card,57.02,2025-02-14 22:19:34,captured,TXN-10E45IVQN20C
756,780,card,41.58,2025-08-31 07:48:29,captured,TXN-O6WSZW5C447F
757,781,Amazon Pay,18.25,2025-01-29 17:09:32,captured,TXN-6R0OKL6YTCYK
758,782,Walmart Pay,291.99,2025-06-07 13:28:13,captured,TXN-GKVKPTRCNA8C
759,783,card,66.83,2024-10-24 02:25:36,captured,TXN-G3IL9K99GBPR
760,784,card,73.36,2025-02-15 05:33:39,captured,TXN-NKGIVSSIFC66
761,785,Faire Payout,215.78,2025-03-20 15:47:36,captured,TXN-YVBYKS2BA99Z
762,786,card,53.67,2025-07-08 15:59:39,captured,TXN-79GDNGZK9SGA
763,787,card,61.42,2024-10-16 17:14:08,captured,TXN-TXC5MHGH872O
764,788,card,251.74,2025-03-20 22:27:01,captured,TXN-23DSPAY6Z5LD
765,789,Faire Payout,44.73,2025-07-31 16:40:04,captured,TXN-HHSUOW3UM6Y6
766,790,Amazon Pay,130.48,2024-09-20 16:35:26,captured,TXN-0ETDO37GHNOY
767,791,card,75.5,2025-01-01 11:15:05,captured,TXN-OARMGM2B8PTI
768,792,card,13.0,2025-04-07 16:36:57,captured,TXN-MYRUL1NIUX8K
769,793,card,54.08,2024-09-24 10:47:11,captured,TXN-D5ABBRL2R9VT
770,794,card,31.01,2025-05-30 21:28:23,captured,TXN-VYZ12CKDF06F
771,795,Walmart Pay,78.28,2025-05-13 11:46:43,captured,TXN-1WQ4D46UNHIL
772,796,Faire Payout,20.49,2024-09-29 16:04:27,captured,TXN-5BOTUWWYSXLP
773,797,card,183.6,2025-01-10 02:35:23,captured,TXN-9FVOVQHZW6SL
774,798,card,181.59,2025-03-30 03:02:18,captured,TXN-59262AGP9IHN
775,799,Faire Payout,30.32,2025-03-25 13:33:20,captured,TXN-32NV7KXOTFRQ
776,800,card,118.47,2025-08-08 23:14:28,captured,TXN-6TDYWKU1AN92
777,801,card,142.44,2025-04-03 05:36:05,captured,TXN-09OQXQRR7ESN
778,802,Faire Payout,24.01,2025-04-13 13:06:45,captured,TXN-IA4BUKKN26I5
779,803,Faire Payout,99.98,2024-09-16 09:56:03,captured,TXN-GRLH49Y03MYJ
780,804,Amazon Pay,35.5,2025-01-06 22:37:00,captured,TXN-TUCLLARVZFRK
781,805,Amazon Pay,53.9,2024-11-01 05:33:26,captured,TXN-DFQB2LNT5KCZ
782,806,card,122.45,2025-07-31 14:18:25,captured,TXN-183TNR3VF2NE
783,807,card,44.39,2025-07-10 02:47:47,captured,TXN-FXK4JUI3PJZB
784,808,Amazon Pay,30.23,2024-11-19 01:59:12,captured,TXN-S6IFW80X7981
785,809,card,49.84,2025-06-16 11:36:12,captured,TXN-TEXR0W7JRZF4
786,810,card,61.41,2024-12-29 02:53:13,captured,TXN-Y7ZEMP8X7WCY
787,811,Amazon Pay,39.06,2025-01-24 23:02:14,captured,TXN-4599O1BOEPO7
788,812,card,47.55,2024-10-20 14:27:22,captured,TXN-IJM9YADWLT8A
789,813,card,59.7,2025-06-17 21:14:34,captured,TXN-BX8GB00JN121
790,815,Faire Payout,126.42,2025-05-05 10:44:55,captured,TXN-JL93JE3HF2UT
791,816,Faire Payout,27.42,2025-03-09 10:16:38,captured,TXN-F1NGQYKAQQBQ
792,817,card,94.1,2025-07-19 10:25:58,captured,TXN-WZ0DFRD58Z1W
793,818,card,269.05,2025-03-09 00:36:55,captured,TXN-46RNU1F2UMXC
794,819,card,61.49,2025-07-04 05:07:10,captured,TXN-C5YZ07HGY4N3
795,820,Amazon Pay,133.11,2024-12-02 13:01:36,captured,TXN-7D6THXT6NJXX
796,821,Amazon Pay,154.14,2025-02-16 17:43:29,captured,TXN-GGWBO89WBHVF
797,822,card,41.73,2024-10-21 14:53:44,captured,TXN-04PMAU81BIP9
798,823,card,39.74,2025-07-26 12:15:51,captured,TXN-82EKC3NRIQEA
799,824,card,24.36,2025-07-03 05:44:41,captured,TXN-KHTD5IDLEO8I
800,825,card,98.08,2024-09-17 10:11:24,captured,TXN-ZK7D2ZAES6PC
801,826,card,112.68,2025-07-16 02:22:33,captured,TXN-UHAMB6D996AW
802,827,card,103.93,2025-02-03 03:31:15,captured,TXN-KWABUNV0A4P5
803,829,card,81.6,2024-11-13 02:01:19,captured,TXN-H2ZEW7AUN324
804,830,Amazon Pay,53.6,2025-02-08 16:07:42,captured,TXN-PY6B6LLWRBUH
805,831,Faire Payout,259.45,2025-02-23 11:10:47,captured,TXN-R86CSH643I14
806,832,Amazon Pay,43.3,2025-08-08 13:15:02,captured,TXN-J56Q9S8JHN5K
807,833,card,13.27,2024-12-24 05:02:44,captured,TXN-Y4JOT1T9BQPV
808,834,card,23.57,2024-12-02 18:24:54,captured,TXN-9F81W43P7Z8U
809,835,card,68.18,2025-07-11 21:10:51,captured,TXN-43CJGBVFOE1V
810,836,card,12.94,2025-05-26 02:07:40,captured,TXN-V8MRRPLOSYSC
811,837,card,23.34,2025-03-08 09:38:12,captured,TXN-VFFJKAN8WFVE
812,839,Faire Payout,73.29,2024-09-27 13:46:40,captured,TXN-PMZEW1N8PJZ8
813,840,Amazon Pay,34.97,2024-09-20 00:10:57,captured,TXN-S3G0XXRWVWRH
814,841,card,102.38,2025-02-22 14:28:11,captured,TXN-651SVNVOREJ3
815,842,card,60.14,2024-12-31 19:17:38,captured,TXN-4DH8Q4SAD08C
816,844,card,35.53,2025-05-07 21:22:22,captured,TXN-LZGKTVPFFARC
817,845,card,43.09,2025-06-29 02:59:29,captured,TXN-Q0835UCESZGW
818,846,Walmart Pay,26.84,2025-02-08 15:59:49,captured,TXN-P60DETCT2OFY
819,847,Amazon Pay,152.09,2025-05-27 21:55:02,captured,TXN-OQT7K51CEFM7
820,848,Amazon Pay,83.66,2025-03-25 11:46:38,captured,TXN-RQWCY92GIPFW
821,849,Amazon Pay,122.24,2025-04-23 11:07:18,captured,TXN-MLHX2TG3YACD
822,850,Walmart Pay,16.23,2024-09-12 02:41:40,captured,TXN-T869IGY2N2DJ
823,851,Amazon Pay,723.4,2025-01-07 00:22:43,captured,TXN-JRC3LZPO6QSU
824,852,card,22.02,2025-02-21 13:27:12,captured,TXN-NIQQ7OYB5Q19
825,853,Walmart Pay,147.44,2025-09-07 00:16:22,captured,TXN-9T4N5GGM844C
826,854,Amazon Pay,37.69,2025-02-14 16:53:59,captured,TXN-4CPX1PSOATV5
827,855,Faire Payout,373.37,2025-07-28 21:30:50,captured,TXN-3WHS6KKSMQ8I
828,856,Faire Payout,48.69,2025-02-21 08:38:25,captured,TXN-V3CF1QYA34MR
829,857,card,417.85,2025-09-11 08:43:06,captured,TXN-E6QR9HOB01IB
830,858,Faire Payout,32.83,2024-11-09 07:34:56,captured,TXN-00B9YWP9JSD4
831,859,card,80.08,2024-11-08 12:29:45,captured,TXN-XT1EK00TKZMH
832,860,Faire Payout,98.08,2025-01-26 08:37:13,captured,TXN-CRH80CUZ1HXN
833,861,card,56.69,2025-07-17 22:34:45,captured,TXN-LZEBOO3BO5Q5
834,862,Amazon Pay,18.73,2025-01-17 20:29:28,captured,TXN-GBYO8J9VJ6KF
835,863,Amazon Pay,69.03,2025-01-04 02:17:31,captured,TXN-Q4HLLQOEZJWL
836,864,card,48.15,2025-01-16 06:29:48,captured,TXN-BD1HBUBWKEIG
837,865,Walmart Pay,52.37,2025-05-16 22:55:07,captured,TXN-YY55ED87NRNH
838,866,card,116.06,2025-03-14 14:48:16,captured,TXN-TYFQXWF02FDG
839,867,Amazon Pay,81.43,2025-08-18 17:35:18,captured,TXN-6L9VQZIIC5AU
840,868,card,12.48,2025-02-17 18:26:56,captured,TXN-FWMPG2AGZ84T
841,869,Faire Payout,274.34,2025-08-18 01:54:09,captured,TXN-VDJJ67H84CS9
842,870,card,53.08,2025-08-25 19:44:33,captured,TXN-32T3VERN6VDO
843,871,card,93.41,2024-10-29 21:09:54,captured,TXN-CI9GRMZUL5CF
844,872,Walmart Pay,48.04,2025-05-02 17:59:15,captured,TXN-8ZK65I4UQCJQ
845,873,Amazon Pay,351.21,2025-06-21 21:03:55,captured,TXN-UD8VYY9XO7RI
846,874,card,51.02,2025-07-13 02:35:26,captured,TXN-R8L8WJWHUEIV
847,875,Faire Payout,82.94,2025-06-06 21:47:23,captured,TXN-W1AR3UFX08WJ
848,876,Faire Payout,22.05,2025-06-24 15:59:47,captured,TXN-QHK0QO3WUIEO
849,877,Amazon Pay,45.62,2025-04-05 01:07:40,captured,TXN-T5VTGNXSR09H
850,878,card,377.93,2024-09-24 08:40:53,captured,TXN-PSOZSIH0JT24
851,879,Faire Payout,86.94,2025-06-01 20:30:54,captured,TXN-1BTE42WI4PB0
852,880,card,406.29,2025-04-28 11:14:36,captured,TXN-O39L4VSOT3TW
853,881,Walmart Pay,22.74,2025-08-11 15:03:55,captured,TXN-X7FRPKY3FZCN
854,882,Faire Payout,37.13,2025-02-06 20:48:56,captured,TXN-IEVJ97JXVSL1
855,883,Faire Payout,19.91,2025-01-06 02:14:35,captured,TXN-1QD853EPZII2
856,884,Walmart Pay,15.65,2025-09-09 23:00:43,captured,TXN-ND6808TPAIYT
857,885,Faire Payout,71.85,2025-02-14 03:13:18,captured,TXN-BPYR4IRUSX52
858,886,Amazon Pay,47.2,2025-06-12 16:46:58,captured,TXN-O598RJUA7JAU
859,887,Faire Payout,23.36,2025-01-17 05:12:03,captured,TXN-RBLJPN1YU5JO
860,888,card,45.98,2024-12-21 13:56:19,captured,TXN-STWW0B6GPEFI
861,890,Faire Payout,64.73,2025-01-09 12:14:07,captured,TXN-OYIMV2ZG7ZC5
862,893,card,73.51,2024-11-01 09:12:59,captured,TXN-81LV2G9UC14Q
863,894,card,59.52,2025-06-29 00:04:16,captured,TXN-IRGPZYXSXHYM
864,895,Faire Payout,52.14,2025-03-19 01:55:41,captured,TXN-EG0JEPXLCOR0
865,896,card,24.24,2025-07-28 09:50:02,captured,TXN-BKYFZ0V4FIU0
866,897,card,44.84,2025-02-26 03:17:24,captured,TXN-VVBR7S7L2CM2
867,898,Amazon Pay,221.55,2025-07-08 03:45:27,captured,TXN-ED7CRNOAIHGO
868,899,card,38.78,2025-05-15 01:19:49,captured,TXN-6QM32QJP4NI1
869,900,Faire Payout,102.79,2025-05-21 23:17:07,captured,TXN-PJK11XUMQN2I
870,902,Amazon Pay,49.46,2024-10-10 07:14:28,captured,TXN-ONIIGCI27BQW
871,903,card,24.83,2025-05-30 16:16:36,captured,TXN-1X346KUJGCB7
872,904,card,357.63,2025-02-03 04:25:16,captured,TXN-Q5WEA9A78XYN
873,905,card,355.73,2024-10-11 22:15:59,captured,TXN-0MKYAMVNVEVU
874,906,card,24.56,2024-12-22 19:20:43,captured,TXN-F7ZDA6966BHP
875,907,Walmart Pay,24.25,2025-07-02 19:29:17,captured,TXN-M4LWZIEJ20EH
876,908,Amazon Pay,51.66,2025-02-24 18:14:34,captured,TXN-VA4N32UGJJ9S
877,909,Amazon Pay,324.65,2024-09-25 21:48:58,captured,TXN-PG6HM3KNOEV7
878,910,card,61.42,2025-02-17 15:16:07,captured,TXN-ON6RNLQRUANY
879,911,Walmart Pay,60.42,2025-02-16 02:44:25,captured,TXN-7U0T5FN2MU1J
880,912,Faire Payout,113.49,2024-10-21 19:05:33,captured,TXN-XQXTYXZJOCUQ
881,913,Amazon Pay,40.68,2025-02-26 10:08:59,captured,TXN-EB5TSJAF5CW9
882,914,card,59.48,2024-12-18 17:46:21,captured,TXN-5WJORA3I59S3
883,915,card,18.73,2025-07-22 01:44:58,captured,TXN-YNADRLTOHGPF
884,916,Faire Payout,298.31,2025-06-17 02:04:09,captured,TXN-GM5X79WN04F8
885,917,card,225.04,2024-10-07 22:22:25,captured,TXN-1NGZ1DO2JRKM
886,918,card,25.84,2025-02-03 22:10:21,captured,TXN-ZKQOCKL6YM7T
887,919,card,61.74,2024-11-16 15:04:50,captured,TXN-EMETBX6SWEBE
888,920,card,26.39,2025-01-29 01:38:40,captured,TXN-102NNYVI73XG
889,921,Amazon Pay,30.87,2024-12-12 19:45:01,captured,TXN-6W73MHXGTB0M
890,922,card,470.65,2025-07-18 10:13:49,captured,TXN-WFNAZ7GYEC03
891,923,Faire Payout,12.07,2024-11-23 19:08:27,captured,TXN-O3QFTUWJ9XYO
892,924,card,40.47,2024-10-26 11:32:53,captured,TXN-MRB4W9ZPPDFR
893,926,Faire Payout,29.51,2025-08-17 18:29:38,captured,TXN-XOS53LXOP5MJ
894,927,card,50.89,2025-07-13 02:32:54,captured,TXN-ZIDMTXZ5H3OM
895,928,Walmart Pay,58.69,2025-07-28 07:01:06,captured,TXN-OZ20N4XRKN3L
896,929,card,23.65,2025-07-07 16:40:19,captured,TXN-8E8Q2LXU4SKU
897,930,Walmart Pay,87.89,2024-11-27 04:53:17,captured,TXN-5Z77GH3GNKK6
898,931,Walmart Pay,13.54,2025-05-19 12:51:19,captured,TXN-EHKPEPIX7T9K
899,932,card,75.42,2025-07-26 05:51:50,captured,TXN-MA0AD8P81E6H
900,933,card,94.15,2025-01-20 09:42:10,captured,TXN-DMQUX2Y9C7DL
901,934,card,41.91,2024-12-31 05:58:49,captured,TXN-91OFB5CNXIE3
902,935,Faire Payout,57.56,2025-08-09 03:03:45,captured,TXN-CFWHOWJT5ZW6
903,936,Amazon Pay,39.89,2024-10-23 21:46:30,captured,TXN-L6GF2KIPGL0M
904,937,card,98.44,2025-07-15 00:10:40,captured,TXN-4WQYP0O8OJ6Q
905,938,card,189.41,2025-07-29 17:02:43,captured,TXN-S7P51L02OLX5
906,940,Walmart Pay,563.55,2025-02-08 00:17:16,captured,TXN-2IFQUH9DJW5G
907,941,Walmart Pay,341.72,2024-09-20 13:48:32,captured,TXN-DOMTNO00FX32
908,942,card,40.47,2025-05-04 12:30:54,captured,TXN-C0N10MDRQTL8
909,943,card,261.14,2025-01-26 23:25:56,captured,TXN-7YVQLYUHOZXR
910,944,card,16.67,2024-11-14 09:20:53,captured,TXN-XWJFL9SE0L70
911,945,card,139.99,2024-10-03 22:03:11,refunded,TXN-GYBSO6554G8A
912,946,Faire Payout,56.26,2025-08-11 12:51:59,captured,TXN-TD9DYWG97BTN
913,947,Amazon Pay,55.3,2024-11-22 18:20:00,captured,TXN-26IPTRPY8KEO
914,949,Walmart Pay,95.73,2025-04-02 13:36:42,captured,TXN-90KS3R10DYJC
915,950,Faire Payout,122.29,2025-08-20 00:18:21,captured,TXN-M1ASLD0UD9X2
916,951,card,26.85,2024-10-27 14:47:18,captured,TXN-V6PJN45G9ZAC
917,952,Faire Payout,225.11,2025-01-16 15:21:23,captured,TXN-Y65SP4V6CYZ6
918,953,card,37.5,2024-12-21 20:30:31,captured,TXN-RML8BGUIA5DX
919,954,Faire Payout,27.51,2025-05-02 16:41:55,captured,TXN-KCQHZHLG4QEP
920,955,card,13.24,2024-12-02 05:07:19,captured,TXN-DFX516S7RKHW
921,956,card,44.89,2024-12-27 21:51:16,captured,TXN-KBXR2NYCO5VU
922,957,Amazon Pay,69.97,2025-05-02 21:19:21,captured,TXN-WIVEK50Y6QHU
923,959,Walmart Pay,99.67,2025-05-03 14:31:33,captured,TXN-8020WNOMN399
924,960,Amazon Pay,39.19,2025-07-25 09:42:22,captured,TXN-KF4N77CNMJNV
925,961,card,157.96,2025-05-30 12:33:42,captured,TXN-BO7D1AJERROJ
926,962,Faire Payout,41.12,2025-05-04 06:05:47,captured,TXN-RAJP24JQSLA1
927,963,card,103.46,2025-07-26 01:59:20,captured,TXN-9MD5PBIOO5M8
928,964,card,55.32,2025-09-12 18:00:21,captured,TXN-SMNK10E3QLKI
929,965,Walmart Pay,23.35,2025-01-11 17:49:40,captured,TXN-48HGOGFFLIWE
930,966,Amazon Pay,561.23,2024-12-03 18:25:58,captured,TXN-LHTQFHFTQKWA
931,967,Faire Payout,34.23,2024-10-20 08:55:12,captured,TXN-M5CN7TKWQ5R3
932,968,card,82.58,2025-02-10 08:11:35,captured,TXN-CEB63QFSF3XU
933,969,Faire Payout,45.52,2025-03-17 22:26:21,captured,TXN-FZ41P3JD1PKU
934,970,card,15.43,2024-12-10 13:32:57,captured,TXN-DD93IZO8UYNU
935,971,Faire Payout,256.3,2025-06-22 08:58:03,captured,TXN-DAYGMJORCRIE
936,972,Faire Payout,54.39,2025-05-21 00:15:06,captured,TXN-NXQQJX3QEKRF
937,973,card,92.7,2025-06-18 00:00:16,captured,TXN-JO58S1UZF8ME
938,974,card,27.31,2025-03-17 21:44:14,captured,TXN-X90YEUGX8DH0
939,976,card,346.23,2025-06-13 22:12:24,captured,TXN-KVT1MBJX4OKR
940,977,card,45.62,2024-12-21 09:17:02,captured,TXN-V3G0UR835C1H
941,978,card,62.33,2025-07-05 01:01:02,captured,TXN-MQFPY71WX1BC
942,979,card,281.35,2025-09-01 13:11:03,captured,TXN-H3D0RR3PJ6B0
943,980,card,79.73,2025-01-28 13:27:12,refunded,TXN-588S7C6YUUWU
944,981,card,46.2,2025-02-12 22:18:52,captured,TXN-7RBXXKLHHTQU
945,982,Walmart Pay,77.94,2025-01-17 06:36:53,captured,TXN-T2QQOM4C6C9Z
946,983,card,57.51,2025-07-19 10:12:57,captured,TXN-9F2UX7DQ81BS
947,984,card,32.69,2025-05-26 22:49:40,captured,TXN-BWZB2LWMMOT5
948,985,card,23.31,2024-09-20 20:09:55,captured,TXN-6RDXM1ZT2RR9
949,986,Faire Payout,59.64,2024-11-21 01:21:50,captured,TXN-IT6QN0TC4T25
950,987,card,82.01,2025-06-04 10:29:32,captured,TXN-GXDC29WQ5Y1U
951,988,card,235.67,2024-10-04 08:56:34,captured,TXN-E4NGZI8SK89O
952,989,card,64.73,2025-08-08 01:16:43,captured,TXN-JIL28YZHSIF6
953,990,Walmart Pay,257.65,2024-10-13 06:04:16,captured,TXN-AQF0UWQHUH9P
954,991,card,176.96,2025-05-25 00:34:53,captured,TXN-HMA4SKTFXJAG
955,992,card,16.16,2024-09-26 11:36:53,captured,TXN-67ZGE1OC0LTL
956,993,card,122.66,2025-01-20 18:59:40,captured,TXN-KTP95WYR21SX
957,994,card,45.87,2024-12-23 22:48:50,captured,TXN-UY9TRPLW3JOG
958,995,Amazon Pay,288.14,2025-08-14 04:03:45,captured,TXN-N24CSW5FNAEK
959,996,Walmart Pay,52.17,2025-06-20 03:56:18,captured,TXN-R25ZC9DJSE3Z
960,997,Faire Payout,257.23,2025-02-20 05:17:52,captured,TXN-JKNKY78RE7ZH
961,998,Faire Payout,60.68,2025-09-01 09:39:20,captured,TXN-H965Q9BEEIZE
962,999,card,127.39,2025-03-27 22:26:09,captured,TXN-XLKCEOKYA182
963,1000,card,35.76,2025-08-21 01:37:54,captured,TXN-VK3KQCNK0SH9
964,1001,card,90.42,2024-11-26 16:21:19,captured,TXN-4KVK3ZPLG5QX
965,1002,card,39.9,2025-06-21 11:35:07,captured,TXN-5V6NSDEQ202Q
966,1003,card,323.21,2025-02-26 22:35:48,captured,TXN-O4KA03WSTG6Z
967,1004,card,31.39,2024-09-12 06:08:24,captured,TXN-H34J32N9083O
968,1005,card,27.54,2024-10-11 17:26:14,captured,TXN-51VRYW8AJ1MR
969,1006,Faire Payout,20.51,2025-06-16 10:33:29,captured,TXN-6VUA4JBINWRI
970,1007,Faire Payout,116.29,2025-05-15 15:22:25,captured,TXN-HJS34EZ4T3HF
971,1008,Faire Payout,25.98,2025-04-24 16:24:13,captured,TXN-3A0ZKSG53BPK
972,1009,Amazon Pay,315.07,2024-11-19 20:32:12,captured,TXN-RZOZ2R04FZGI
973,1010,Amazon Pay,53.88,2024-09-13 10:54:39,captured,TXN-QIXWRUF96FFW
974,1011,card,146.06,2024-12-29 06:54:46,captured,TXN-IQFF51PJYTYZ
975,1012,Walmart Pay,13.26,2024-11-07 06:07:42,captured,TXN-GPSIH6AEDQMT
976,1013,Faire Payout,17.65,2025-05-12 18:10:37,captured,TXN-QNO2I5XO0IP7
977,1014,card,95.41,2025-07-08 00:13:49,captured,TXN-9FH0HPDGX3QX
978,1015,card,152.78,2025-07-31 02:17:23,captured,TXN-TJZZOHI4PIVI
979,1016,Walmart Pay,335.96,2025-01-23 05:15:58,captured,TXN-C362TS6W5R3J
980,1017,Amazon Pay,13.05,2024-12-23 20:54:44,captured,TXN-7M4C76ULPIUY
981,1018,card,72.31,2025-01-22 10:36:01,captured,TXN-9BUHU5EP03LL
982,1019,card,23.38,2024-09-22 03:38:11,captured,TXN-5XAHMMITLRTK
983,1020,card,48.95,2025-08-25 17:44:47,captured,TXN-MOBRS29KPKI3
984,1021,Amazon Pay,18.19,2025-01-22 08:41:31,captured,TXN-ZE5DVA79DJOX
985,1022,card,282.55,2025-02-06 09:27:46,captured,TXN-S683F4MCEXFX
986,1023,card,606.24,2025-05-08 12:19:54,captured,TXN-1DUE2UF0UK8G
987,1024,card,241.12,2024-10-08 13:37:44,captured,TXN-9B5WLNTX8VWN
988,1025,card,225.31,2025-01-12 01:17:19,captured,TXN-723CS6E4XF5G
989,1026,Faire Payout,63.9,2025-06-08 07:37:45,captured,TXN-76AHYLXT0OS3
990,1027,Faire Payout,279.89,2025-02-21 03:49:49,captured,TXN-AH3FS4N53SHN
991,1028,card,127.69,2024-12-26 00:44:12,captured,TXN-9MA5HBAI6UMJ
992,1029,card,59.3,2025-02-04 18:17:13,captured,TXN-8H0JE177NYT4
993,1030,Walmart Pay,116.97,2024-10-30 04:42:09,captured,TXN-VOSXNSWX3LYZ
994,1031,Walmart Pay,264.25,2025-06-20 01:47:49,captured,TXN-M7PSPWRDO6RZ
995,1032,Faire Payout,71.87,2024-12-07 16:22:23,captured,TXN-A0T4LBR2ZGJA
996,1033,card,31.75,2025-06-28 19:50:36,captured,TXN-C9Z5PY57W9SO
997,1034,Faire Payout,29.91,2025-08-13 03:27:28,captured,TXN-94VJYL9AYNY6
998,1036,Amazon Pay,189.32,2024-12-19 07:30:43,captured,TXN-7UXN13XRSKL5
999,1037,card,70.51,2025-05-10 11:37:40,captured,TXN-QSVTDTVQUVM5
1000,1038,card,360.35,2025-06-05 02:14:21,captured,TXN-S685NS9VL14G
1001,1039,Faire Payout,14.77,2025-08-28 23:23:42,captured,TXN-MRIW6NZ8OHNJ
1002,1040,Amazon Pay,33.18,2024-12-03 00:27:13,captured,TXN-5RR6NUT2TINT
1003,1041,card,193.97,2025-01-24 22:03:39,captured,TXN-FZV32UG6053L
1004,1042,card,107.6,2025-06-26 21:12:51,captured,TXN-PI51KD563SYV
1005,1043,card,271.7,2024-10-30 13:23:56,captured,TXN-945F5PRE3DIW
1006,1044,Amazon Pay,223.58,2024-12-02 17:24:36,captured,TXN-4J6Y4HOGC1G2
1007,1045,Amazon Pay,39.38,2025-07-05 12:11:21,captured,TXN-J56NYFGFA5EB
1008,1046,card,63.8,2024-10-24 21:48:07,captured,TXN-9XSYO0BJPCDZ
1009,1047,Amazon Pay,194.23,2024-12-18 22:18:32,captured,TXN-OIZ4YNE0HIN8
1010,1048,Walmart Pay,48.52,2024-10-12 07:33:17,captured,TXN-4RJHHEC7S828
1011,1049,Faire Payout,118.71,2025-01-23 09:43:05,captured,TXN-TUV9H15CN88R
1012,1050,Amazon Pay,98.1,2025-02-27 01:55:01,captured,TXN-KGG3Z8IEMJF0
1013,1051,Walmart Pay,39.13,2025-02-28 11:31:52,captured,TXN-RFG7VRLXN8LH
1014,1052,Faire Payout,280.83,2025-01-01 01:52:06,captured,TXN-ZA2X4EPKGH0I
1015,1053,card,284.58,2025-01-28 13:53:31,refunded,TXN-QJ4FSGLCT14B
1016,1054,card,16.66,2024-12-10 23:08:16,captured,TXN-DO0KX17QKB3E
1017,1055,card,263.55,2025-07-02 08:21:11,captured,TXN-LBM4ZJ2WM5WJ
1018,1056,card,20.65,2024-11-08 22:21:17,captured,TXN-OQS8TDY94E90
1019,1057,card,275.99,2024-09-17 20:49:38,captured,TXN-2EX6KDYLSFAR
1020,1058,card,117.54,2025-01-25 11:18:54,captured,TXN-S37UTWFHPLNQ
1021,1059,card,35.46,2024-09-16 13:30:59,captured,TXN-Z98N29IA87E8
1022,1060,Amazon Pay,78.22,2025-05-01 10:59:24,captured,TXN-P7PF0XTGMF6T
1023,1061,Faire Payout,20.52,2024-12-19 17:08:18,captured,TXN-IRNSWU54N2FN
1024,1062,card,34.1,2025-06-28 16:32:21,captured,TXN-VQX3AWP551UN
1025,1063,Faire Payout,42.93,2024-11-22 10:01:26,captured,TXN-2YMF9CP8NU5T
1026,1064,Faire Payout,59.46,2025-01-17 16:03:44,captured,TXN-NMQRC4Z9V7WB
1027,1065,card,25.39,2025-02-05 08:46:35,captured,TXN-OXK9VKA9I01P
1028,1066,Walmart Pay,49.28,2024-12-30 02:08:12,captured,TXN-3V81HQ79QZ16
1029,1067,card,52.16,2025-01-25 08:35:36,captured,TXN-DGSSH6S63BFS
1030,1068,card,14.25,2024-09-23 22:42:43,captured,TXN-3C9HKZAKSM32
1031,1069,Amazon Pay,116.88,2025-06-13 10:44:25,captured,TXN-63EL8BCAVZ5F
1032,1070,Faire Payout,14.48,2025-01-07 04:30:11,captured,TXN-40LLG5ZVXSXK
1033,1071,card,46.57,2025-05-20 19:32:55,captured,TXN-GFBEFS62RJM1
1034,1072,card,60.0,2025-08-12 14:08:11,captured,TXN-U5DET4IS3LQ1
1035,1073,card,294.6,2025-06-24 13:55:59,captured,TXN-8FINGVNG7WTD
1036,1074,Amazon Pay,15.11,2025-02-15 22:40:59,captured,TXN-GUKIAR9XLP4X
1037,1075,Amazon Pay,27.83,2025-04-17 00:07:02,captured,TXN-ZPGK4QPHZNHG
1038,1076,card,34.54,2025-04-10 16:15:53,captured,TXN-DVHEFZMHQLLG
1039,1077,Faire Payout,13.9,2025-02-02 13:00:34,captured,TXN-C7HNTR11CKXP
1040,1078,Faire Payout,256.3,2025-09-05 09:25:39,captured,TXN-RK8CPRFA5GVG
1041,1079,Faire Payout,158.39,2025-08-08 10:14:44,captured,TXN-I6U770V1CNOX
1042,1080,card,42.08,2025-01-06 22:36:27,captured,TXN-NW12MV7VUXIH
1043,1081,card,49.72,2025-03-27 03:25:19,captured,TXN-K1QXUF7ISXD4
1044,1082,card,59.68,2024-11-04 05:03:12,captured,TXN-YBTAHLERS7AA
1045,1083,Faire Payout,375.19,2025-03-25 04:50:25,captured,TXN-OHCRY2N2HC2G
1046,1084,card,113.21,2024-12-09 05:09:35,captured,TXN-KXBUF07AK0ES
1047,1085,Faire Payout,30.87,2025-03-12 15:06:18,captured,TXN-P4HSU3ETT44K
1048,1086,Faire Payout,177.09,2024-12-22 09:03:24,captured,TXN-NRCE3HTDQ3I5
1049,1087,card,147.79,2024-12-14 05:58:33,captured,TXN-ILIQ68VNBSF9
1050,1088,Walmart Pay,73.23,2025-03-24 03:50:59,captured,TXN-CUHOVAB90XRJ
1051,1089,Faire Payout,483.83,2024-12-22 19:43:09,captured,TXN-7FIW3RHP08OH
1052,1090,Amazon Pay,32.0,2024-11-05 17:29:50,captured,TXN-86TF0TE6BOTA
1053,1091,Walmart Pay,40.94,2024-09-20 02:43:15,captured,TXN-ULA9Q4NCHPOU
1054,1092,Amazon Pay,56.76,2024-10-20 23:37:50,captured,TXN-BADUTY3Q3WU3
1055,1093,Faire Payout,430.78,2024-11-05 14:07:24,captured,TXN-JLNVO7F9RF94
1056,1094,card,40.39,2024-12-08 05:53:08,captured,TXN-8JNG13Q6K4B0
1057,1095,Amazon Pay,52.12,2025-05-11 04:03:19,captured,TXN-2V2ACE3LV0BG
1058,1096,Amazon Pay,81.81,2025-03-10 16:30:53,captured,TXN-UNN1PHS6CEZA
1059,1097,card,63.75,2025-01-17 09:59:55,captured,TXN-HD5SBZW8LU6G
1060,1098,card,131.97,2024-11-20 22:36:48,captured,TXN-P9F4DAOL6AW4
1061,1099,card,38.11,2024-12-28 17:19:00,captured,TXN-GLY9XI0B1GPC
1062,1100,Faire Payout,81.52,2024-11-10 23:17:55,captured,TXN-3ARJR76K5XB2
1063,1101,card,56.5,2025-03-04 04:29:27,captured,TXN-D6SX76S200LM
1064,1102,Walmart Pay,18.88,2025-06-29 01:26:38,captured,TXN-6EL0PMZNH2BG
1065,1103,Faire Payout,19.91,2024-11-24 20:10:37,captured,TXN-UUT5D6Q6EI1V
1066,1104,card,54.53,2025-08-08 20:17:53,captured,TXN-PVKFI5UV9UMO
1067,1105,card,22.72,2024-12-12 13:49:45,captured,TXN-78C2IB1FU5FY
1068,1106,card,124.2,2025-05-12 04:41:23,captured,TXN-ZJSLOPOOKX0B
1069,1107,Walmart Pay,49.72,2024-12-19 16:13:04,captured,TXN-5J6C77GOR1JY
1070,1108,card,374.37,2025-04-25 15:08:10,captured,TXN-NKAAVG6U2S9Y
1071,1109,Amazon Pay,12.56,2024-09-23 01:07:17,captured,TXN-TIAJDQVMBLXA
1072,1110,card,87.42,2024-09-18 10:32:21,captured,TXN-HFDOORCTCEGW
1073,1111,Faire Payout,41.82,2024-09-28 02:47:50,captured,TXN-W5BTI0Q3IMUY
1074,1112,card,53.04,2025-03-18 19:48:07,captured,TXN-4J6F0UKWGMWT
1075,1113,Amazon Pay,29.71,2025-06-03 00:18:44,captured,TXN-7A9SHGQCCK4D
1076,1114,Walmart Pay,31.93,2025-02-23 10:52:55,captured,TXN-SU8H3WFQPYEF
1077,1115,Faire Payout,291.42,2024-12-24 07:33:32,captured,TXN-2QFN6XPLGG27
1078,1116,card,144.3,2025-02-21 14:10:59,captured,TXN-H6DT6DKJEJE4
1079,1117,card,52.27,2024-11-09 05:35:53,captured,TXN-1O74BTHRLZV1
1080,1118,Faire Payout,61.33,2025-04-27 18:59:19,captured,TXN-KLG49HE04HO3
1081,1119,Faire Payout,243.37,2024-10-25 09:15:45,captured,TXN-MIG1OETPGX2P
1082,1120,card,351.07,2025-03-08 00:12:02,captured,TXN-JK6SPOBB9TJ8
1083,1121,card,34.46,2025-07-01 02:28:22,captured,TXN-881AMZF10PDP
1084,1122,card,54.3,2024-11-26 16:23:23,captured,TXN-9SD3RRNF1QBU
1085,1123,Walmart Pay,20.7,2025-07-06 14:25:36,captured,TXN-PJ1YV5GWVWCL
1086,1124,Amazon Pay,44.58,2025-01-20 20:53:57,captured,TXN-1YQN9EOX61TT
1087,1125,card,13.35,2025-01-16 23:54:00,refunded,TXN-3MV45XSHVXO4
1088,1126,Walmart Pay,28.1,2025-07-15 20:10:41,captured,TXN-2VEEIYEOUT1F
1089,1127,Amazon Pay,23.81,2025-03-13 21:35:54,captured,TXN-OB4RE6C2WQ8F
1090,1128,Amazon Pay,60.73,2025-05-24 14:06:33,captured,TXN-VE1AW48YY1DY
1091,1130,card,28.67,2024-12-13 13:11:36,captured,TXN-4HOIJ4O4R70N
1092,1131,card,14.34,2025-02-20 05:45:13,captured,TXN-DZ2SPI02JY91
1093,1132,card,38.01,2025-05-08 22:56:40,captured,TXN-C83R6I0EB8UD
1094,1133,Walmart Pay,41.88,2025-03-09 09:06:52,captured,TXN-YEQ1T4LC60PS
1095,1134,Amazon Pay,51.67,2024-12-23 19:02:19,captured,TXN-WU3SZ241QVDI
1096,1135,Amazon Pay,281.92,2025-04-22 06:58:15,captured,TXN-2CA0T4TTOHOY
1097,1136,card,37.75,2025-01-29 11:36:19,captured,TXN-G4XS1EURCHRR
1098,1137,card,19.91,2025-02-11 09:14:08,captured,TXN-IAGK962M7LI2
1099,1138,Amazon Pay,18.31,2024-10-09 00:50:52,captured,TXN-Y1OVKS1O79C5
1100,1140,card,31.02,2025-07-29 11:29:01,captured,TXN-B6KZRASHH6Y8
1101,1141,Walmart Pay,690.85,2024-09-30 00:21:18,captured,TXN-VQRFFVTOH68L
1102,1142,card,92.7,2025-07-27 08:46:41,captured,TXN-S8JAAJJQY1SW
1103,1143,card,21.31,2025-03-27 17:01:24,captured,TXN-I1NK5F57U5EP
1104,1144,Amazon Pay,311.25,2025-01-19 11:54:55,captured,TXN-AMQAO1CQJC39
1105,1145,card,61.36,2024-10-17 18:05:12,captured,TXN-LJ47I5HKPGIJ
1106,1146,Amazon Pay,91.25,2025-01-31 21:36:59,captured,TXN-UH9WJP8OCWG3
1107,1147,card,141.99,2025-06-08 03:54:22,captured,TXN-DN0M4Y8WKT68
1108,1148,Walmart Pay,27.51,2025-06-20 04:52:39,captured,TXN-3TB3QVNR4SMY
1109,1149,card,64.77,2024-12-31 12:03:37,captured,TXN-RALG0P15AXHR
1110,1150,card,164.95,2024-11-23 10:28:25,captured,TXN-60TRDMNFPOZI
1111,1151,Amazon Pay,46.77,2025-03-22 17:28:09,captured,TXN-D5X4PFUP2I9U
1112,1152,Faire Payout,36.6,2024-12-29 00:34:40,captured,TXN-IY7393IZM3UI
1113,1153,card,45.74,2025-05-20 17:30:11,captured,TXN-UYEJBT72M7AD
1114,1154,Faire Payout,68.09,2025-02-19 16:53:06,captured,TXN-ZSAU2M403TC0
1115,1155,card,56.72,2025-09-08 01:30:51,captured,TXN-SUJNEILE3QYA
1116,1156,card,20.6,2025-07-20 05:35:57,captured,TXN-P8F78W1GBNW7
1117,1157,Walmart Pay,61.12,2025-05-27 06:39:08,captured,TXN-H3E89U0L7XQ9
1118,1158,card,75.76,2024-09-25 00:23:09,captured,TXN-AILPLAJ3ZWP6
1119,1159,Faire Payout,15.27,2024-11-27 14:21:47,captured,TXN-N9PBFSU98BFA
1120,1160,Faire Payout,308.56,2025-02-10 15:43:28,captured,TXN-ZUCR3886KVE7
1121,1161,card,61.17,2024-11-13 21:38:25,refunded,TXN-NAIMYQP0ADVE
1122,1162,card,26.74,2024-09-23 21:24:56,captured,TXN-HPFO3EC98P8N
1123,1163,Walmart Pay,58.94,2024-09-23 07:47:06,captured,TXN-ZWT1S99ZC0IO
1124,1164,card,54.89,2025-07-08 20:38:13,captured,TXN-57XKOK1CNXBO
1125,1165,Faire Payout,81.36,2025-06-07 04:15:35,captured,TXN-6ZGTGZOHHXT4
1126,1166,card,56.53,2025-03-08 09:02:41,captured,TXN-2VZ2QUZT5H3Q
1127,1167,card,19.87,2025-07-22 01:50:19,captured,TXN-DMKFSN92WPUM
1128,1168,Amazon Pay,98.81,2025-04-25 00:09:35,captured,TXN-E2QRIY6BTP48
1129,1169,card,19.39,2024-11-16 09:20:00,captured,TXN-LBFHUDIZPGNG
1130,1170,Walmart Pay,45.83,2024-11-20 10:08:15,captured,TXN-E9SW5EZG37L4
1131,1171,Faire Payout,53.92,2024-10-22 18:52:16,captured,TXN-GO88SXAINGZQ
1132,1172,Amazon Pay,24.04,2024-12-13 20:27:27,captured,TXN-G6ZDJN6B726T
1133,1173,card,58.17,2024-12-29 14:04:52,captured,TXN-UC7MC5RUOJ5R
1134,1174,card,14.08,2025-05-10 20:14:24,captured,TXN-6XUAIS2PX0E2
1135,1175,Walmart Pay,35.28,2024-11-15 22:23:23,captured,TXN-Y8PQ1J28FFUS
1136,1176,Faire Payout,59.08,2025-01-25 00:12:28,captured,TXN-NWJ40XHKYHEH
1137,1177,Walmart Pay,66.12,2025-05-27 00:06:29,captured,TXN-6NJQVES4R7AS
1138,1178,card,65.43,2025-07-08 04:35:46,captured,TXN-AK34C1FGH2J5
1139,1179,card,434.83,2025-03-28 15:15:07,captured,TXN-DQDLQ50NX3P4
1140,1180,card,128.43,2024-12-10 09:11:02,captured,TXN-ZCTR45YAWWZH
1141,1181,card,26.83,2025-03-09 04:59:24,captured,TXN-M52J45MSOH0D
1142,1182,card,34.35,2025-09-05 08:59:56,captured,TXN-LTC9M7LCM5LK
1143,1183,card,685.29,2025-07-04 19:46:45,captured,TXN-FY7MX0DO3XK1
1144,1184,Faire Payout,56.07,2025-07-06 01:13:06,captured,TXN-YPZQSLWLULH4
1145,1185,Amazon Pay,100.32,2024-10-12 17:16:30,captured,TXN-Z449NV1TPD7H
1146,1186,Amazon Pay,13.83,2025-02-16 14:19:57,captured,TXN-CGTVI20QK70L
1147,1188,card,12.9,2024-11-18 01:27:48,captured,TXN-VT82COP2O74M
1148,1189,Amazon Pay,28.4,2025-03-10 20:36:16,captured,TXN-4AER1HJW790M
1149,1190,card,108.64,2025-01-08 19:49:14,captured,TXN-GFWY5YDJGPLJ
1150,1191,card,81.81,2025-05-22 22:44:17,captured,TXN-7AGOHBWTAPKM
1151,1192,card,109.6,2025-07-03 20:12:26,captured,TXN-AN3OLVKR6R23
1152,1193,card,57.08,2024-12-07 14:05:52,captured,TXN-O3KFT9I4UJHV
1153,1194,Walmart Pay,17.2,2025-03-06 03:13:30,captured,TXN-9RK7VM8X3VXE
1154,1195,Faire Payout,260.96,2025-04-30 23:55:13,captured,TXN-ZFSVKBDU2OR9
1155,1196,card,17.26,2025-04-17 17:06:21,captured,TXN-99HP7CJ9O6M8
1156,1197,card,45.95,2025-02-12 02:07:46,captured,TXN-UFBF0Z8ORQ10
1157,1198,Walmart Pay,52.84,2025-04-20 20:18:19,captured,TXN-J45B5FDJ3BTJ
1158,1199,card,21.62,2025-05-25 06:28:21,captured,TXN-NIFITO67B4J9
1159,1200,Amazon Pay,125.24,2025-05-29 01:31:27,captured,TXN-OLALOBY91KS4
1160,1201,card,65.31,2024-10-27 01:17:40,captured,TXN-5HPGCZFQ9Z0T
1161,1202,card,241.15,2024-11-18 07:29:52,captured,TXN-VB532OD0SW5Q
1162,1203,Amazon Pay,86.72,2024-11-30 00:52:36,captured,TXN-0E2JQWS17SIF
1163,1204,Faire Payout,38.92,2024-11-07 18:17:06,captured,TXN-PIW2UNLZG8C6
1164,1205,card,48.87,2025-03-23 23:11:26,captured,TXN-IKEAKGY5ASL2
1165,1206,card,19.31,2025-03-01 04:13:49,captured,TXN-ZUBAWRSWSJ26
1166,1207,Amazon Pay,178.24,2024-10-24 17:32:45,captured,TXN-IYGOM19R8LJP
1167,1208,Faire Payout,189.84,2025-05-23 12:13:25,captured,TXN-WBU1Y6F86ANS
1168,1209,Faire Payout,79.17,2025-06-26 05:12:02,captured,TXN-ZQQVJV2M5VU9
1169,1210,card,38.74,2024-12-18 17:42:39,captured,TXN-HJ9T2L6QQF8U
1170,1212,Faire Payout,37.87,2024-09-27 16:15:54,captured,TXN-IT7AJ8P0D977
1171,1214,card,279.82,2025-05-02 15:56:16,captured,TXN-BPB5W6TUDUPO
1172,1215,card,87.26,2024-10-21 22:27:18,captured,TXN-IXJ97YFWTE4D
1173,1216,Walmart Pay,23.6,2025-07-07 21:37:30,captured,TXN-BX5ZHIT83X7G
1174,1217,card,86.24,2024-11-08 00:16:52,captured,TXN-53LRWYEL1ALD
1175,1218,Amazon Pay,56.31,2025-04-13 12:29:13,captured,TXN-H3EPUKIOSJ1R
1176,1219,card,81.43,2024-10-03 05:13:28,captured,TXN-QBADDSACDS53
1177,1220,card,29.63,2025-03-31 15:23:47,captured,TXN-ZQ5Z46NCVXEG
1178,1221,card,38.37,2025-07-28 23:24:01,captured,TXN-2W50S3VZ6ECB
1179,1222,card,337.34,2025-07-15 11:27:54,captured,TXN-N42D8KPCFGAL
1180,1223,card,81.52,2025-04-17 18:29:49,captured,TXN-7H1ZKTN4AFQG
1181,1224,card,64.35,2025-02-07 01:39:26,captured,TXN-D8U1MD04MDL9
1182,1225,Faire Payout,24.23,2025-08-15 05:41:36,captured,TXN-NKHL8PV1J6IF
1183,1226,Faire Payout,70.48,2025-07-03 10:40:47,captured,TXN-VSAPJXKORNEZ
1184,1227,Walmart Pay,18.61,2024-09-28 00:44:06,captured,TXN-NRI89NI8F0P1
1185,1228,card,173.62,2025-03-20 22:25:44,captured,TXN-LARCH0QOG8E5
1186,1229,Walmart Pay,23.25,2025-08-25 18:35:53,captured,TXN-VN7KTDE6MGL1
1187,1230,card,56.32,2024-12-19 09:12:26,captured,TXN-7ZF2GG6WFMMB
1188,1231,card,136.16,2025-07-20 10:47:41,captured,TXN-0AVUNMPCH8Q2
1189,1232,card,405.41,2025-04-03 05:39:24,captured,TXN-XI8L8DOOQQ5E
1190,1233,card,32.48,2025-05-14 11:16:44,captured,TXN-0OCG0IN4BG02
1191,1234,Walmart Pay,80.85,2025-08-16 09:09:56,captured,TXN-XA38V791YTKJ
1192,1235,card,146.18,2025-06-30 00:29:40,captured,TXN-7D2X1SMAYEP6
1193,1236,Amazon Pay,33.12,2025-08-17 13:49:02,captured,TXN-1X9ZCYED5FIV
1194,1237,card,59.19,2025-04-15 08:49:45,captured,TXN-DYXG9QR9LOR9
1195,1238,Faire Payout,173.83,2025-01-15 06:31:32,captured,TXN-OIYBYIXXMQFA
1196,1239,Walmart Pay,83.19,2025-06-03 05:55:05,captured,TXN-JGZCZAUY3TE8
1197,1240,card,485.69,2024-12-02 03:30:00,captured,TXN-22QLV327532V
1198,1241,card,112.3,2025-04-27 16:15:29,captured,TXN-IK807RR9EK2O
1199,1242,Faire Payout,225.84,2025-01-12 13:29:45,captured,TXN-FMASXAV47ZKE
1200,1243,Amazon Pay,74.48,2025-04-12 11:58:13,captured,TXN-FX8ZMZD3J8N4
1201,1244,Amazon Pay,99.76,2025-09-11 11:07:42,captured,TXN-K19LB90KD05F
1202,1245,Faire Payout,14.51,2024-10-24 19:57:09,captured,TXN-LA3MPPT2KCEZ
1203,1246,card,34.06,2025-05-15 22:38:57,captured,TXN-A7KWW15NBKIQ
1204,1247,card,64.77,2025-08-03 21:36:30,captured,TXN-H814COYK0IV5
1205,1248,card,14.24,2025-08-05 14:40:47,captured,TXN-RRZ3Y4XE7CNZ
1206,1249,Amazon Pay,87.07,2024-12-09 03:03:05,captured,TXN-KYSQOLEBE8BR
1207,1250,Amazon Pay,61.24,2024-12-17 19:52:21,captured,TXN-OOHX0F7NSKSK
1208,1252,card,64.48,2025-07-26 02:41:32,captured,TXN-EF4NBOQKG5I4
1209,1253,card,53.8,2024-11-16 03:25:36,captured,TXN-A5WOZ0CN0JW7
1210,1254,card,28.31,2024-12-28 18:45:44,refunded,TXN-GKNTRVUEGDZL
1211,1255,card,561.84,2024-12-27 08:01:36,captured,TXN-A4OM0HIZYV54
1212,1256,Walmart Pay,161.15,2025-08-12 04:42:11,captured,TXN-KLDW2E68RH17
1213,1257,Faire Payout,12.07,2025-01-09 04:48:42,captured,TXN-WZ1WA4CW7M3F
1214,1258,card,154.64,2025-01-21 07:04:16,captured,TXN-ZKEQZIDIZV0G
1215,1259,Faire Payout,56.88,2025-05-12 07:04:51,captured,TXN-62K2T0VETEJ6
1216,1260,Amazon Pay,72.0,2025-03-25 06:24:13,captured,TXN-KPVETPMAA9QS
1217,1261,Walmart Pay,41.74,2025-04-21 13:47:26,captured,TXN-EWZHG237USP5
1218,1262,Faire Payout,12.62,2024-10-18 21:18:27,captured,TXN-2LLJOJX2ZPOL
1219,1263,card,27.46,2025-07-28 12:53:49,captured,TXN-PUIP64AU7D7F
1220,1264,card,45.89,2025-06-10 01:25:52,captured,TXN-TRUHQ533U8GO
1221,1265,Faire Payout,63.11,2025-01-03 05:28:09,captured,TXN-5GR6ITXMXMLZ
1222,1266,card,221.96,2024-11-15 21:36:46,captured,TXN-0QUCIGOEGBM8
1223,1267,card,73.78,2024-10-21 00:39:02,captured,TXN-JZNJI3ROK8QM
1224,1268,card,105.75,2025-02-28 23:14:58,captured,TXN-CXG0YYYDQ0E0
1225,1269,card,44.13,2024-11-19 12:08:19,captured,TXN-1U7CQ6LHEXY8
1226,1270,Amazon Pay,432.81,2025-04-02 00:07:54,captured,TXN-UNYGUM9KTQHG
1227,1271,card,128.57,2025-06-07 17:37:36,captured,TXN-NWKEIRHQ3OHG
1228,1272,Amazon Pay,25.63,2024-09-19 11:13:21,captured,TXN-8XH049HPLY0Q
1229,1273,card,34.72,2024-09-30 23:00:50,captured,TXN-1NX8RA0ADUED
1230,1274,Faire Payout,227.66,2025-07-04 21:10:25,captured,TXN-131RS6FM9XJS
1231,1275,Amazon Pay,69.12,2024-11-22 02:45:01,captured,TXN-0XB2NWH7MVHW
1232,1276,Faire Payout,68.3,2025-01-13 01:31:04,captured,TXN-WB4Y7VB5NXNN
1233,1277,card,57.97,2024-09-18 17:26:22,captured,TXN-MODGDOE0S8ZL
1234,1278,card,213.03,2025-09-06 20:32:31,captured,TXN-I153US71QBX9
1235,1279,Faire Payout,75.76,2025-07-24 23:05:49,captured,TXN-RP2LPLFXO806
1236,1280,Faire Payout,54.19,2025-01-11 03:54:24,captured,TXN-KIS3EX4YCUX0
1237,1281,Faire Payout,106.17,2024-11-30 06:08:55,captured,TXN-89LE4E2CMJME
1238,1282,card,240.87,2025-04-18 14:35:48,captured,TXN-AGVYO03CUJM7
1239,1283,Amazon Pay,90.17,2025-01-17 12:47:47,captured,TXN-EZ3YAHJ26YB5
1240,1284,Amazon Pay,49.21,2025-05-08 03:02:45,captured,TXN-ZAEESO6Y2IE1
1241,1285,Faire Payout,61.57,2024-10-05 18:14:30,captured,TXN-00ZY0ZLB46O4
1242,1286,card,77.71,2024-11-12 02:23:52,captured,TXN-BPWG48ACZZ7H
1243,1287,card,45.28,2024-12-07 08:42:44,captured,TXN-HBGHUIIQBVTY
1244,1288,card,123.93,2025-04-16 22:54:34,captured,TXN-H04GRFZB0QQI
1245,1289,Amazon Pay,318.24,2025-01-16 20:11:42,captured,TXN-ZR5LJRZTAK8Z
1246,1290,Walmart Pay,35.06,2024-10-10 12:01:43,captured,TXN-UXVCL0WLG9J2
1247,1291,card,24.24,2025-02-03 19:53:56,captured,TXN-56W0M3736N13
1248,1292,Faire Payout,40.25,2025-01-21 12:14:00,captured,TXN-DWKF3HSXJPT0
1249,1293,card,54.97,2024-12-16 22:15:59,captured,TXN-V7EZQDXLM9GL
1250,1294,Amazon Pay,137.02,2025-08-26 13:45:10,captured,TXN-N0AG03HSJ6Q0
1251,1295,card,27.56,2024-10-24 23:19:43,captured,TXN-O0PQD4JMGDB2
1252,1296,Amazon Pay,87.55,2025-01-30 10:32:55,captured,TXN-2NMX2YPP4G9U
1253,1297,card,78.12,2024-12-13 15:02:35,captured,TXN-OAOLBFFDEBTJ
1254,1298,Walmart Pay,494.94,2025-01-01 07:57:34,captured,TXN-0IA9PG10MI0K
1255,1299,Walmart Pay,51.51,2025-06-09 05:24:35,captured,TXN-U3VRCBBBNI4D
1256,1300,card,18.23,2025-04-12 20:52:54,captured,TXN-NEP0J6T677XB
1257,1301,card,66.92,2024-10-19 08:48:09,captured,TXN-KDMZASSLQNHH
1258,1302,card,193.16,2024-11-12 06:17:46,captured,TXN-0R1C8RFEW9WY
1259,1303,Faire Payout,56.34,2025-04-17 13:03:30,captured,TXN-BAKOENHCVN3L
1260,1304,Amazon Pay,26.93,2025-06-02 06:18:37,captured,TXN-IB6JC8960B1Z
1261,1305,Walmart Pay,352.94,2024-12-15 05:46:06,captured,TXN-YXKZF0VGKPXX
1262,1306,card,195.29,2025-07-27 13:14:47,captured,TXN-5D4EGZJIQ240
1263,1307,Faire Payout,498.96,2025-05-29 20:30:51,captured,TXN-I1SLVWNDCPLI
1264,1309,Walmart Pay,79.54,2025-01-03 08:44:12,captured,TXN-DGU487E5V2VZ
1265,1310,card,41.82,2024-09-30 19:43:52,captured,TXN-CLGW4BTBVYHD
1266,1311,card,676.5,2025-06-03 15:27:22,captured,TXN-JTSGAMVTIIW9
1267,1312,card,15.97,2025-07-08 17:52:21,captured,TXN-EEXMWH4PQMVS
1268,1313,Amazon Pay,99.64,2025-05-09 05:04:42,captured,TXN-YM1V5QDM10TN
1269,1314,Amazon Pay,53.84,2025-06-03 17:59:59,captured,TXN-GIXJLSFWNQYA
1270,1316,Amazon Pay,169.54,2024-10-28 11:36:14,captured,TXN-LL30MZJYRUW5
1271,1317,card,432.89,2025-06-11 15:43:57,captured,TXN-X4HDM8WG37H1
1272,1318,Faire Payout,423.93,2025-08-07 19:39:00,captured,TXN-5UEC2A62GHUM
1273,1319,Faire Payout,96.67,2024-10-05 18:53:10,captured,TXN-EWHGWBF7JV5J
1274,1320,card,249.51,2025-02-22 03:59:58,captured,TXN-C6ZEUIMJ5DNM
1275,1321,card,23.06,2025-01-08 19:45:10,captured,TXN-C9E53T9SAEKS
1276,1322,Amazon Pay,16.27,2025-09-04 04:51:50,captured,TXN-E3XEXXKRW6A8
1277,1323,Faire Payout,114.67,2025-01-27 08:30:17,captured,TXN-ZCNRE70CCHAZ
1278,1324,Amazon Pay,96.89,2025-01-20 00:30:19,captured,TXN-X7RWF4KROJC0
1279,1325,card,51.49,2025-03-20 18:47:44,captured,TXN-MOM87UZIYN4C
1280,1326,card,174.0,2025-01-25 04:26:29,captured,TXN-AB3K0M4L52PR
1281,1327,Faire Payout,201.17,2025-05-30 01:05:18,captured,TXN-7693KV9TBW0E
1282,1328,card,202.93,2025-01-21 02:02:08,captured,TXN-1PS4GKKEHPZY
1283,1329,card,107.86,2025-06-08 18:10:04,captured,TXN-A8UKQEDBT92Z
1284,1331,card,65.49,2025-01-04 19:59:55,captured,TXN-YAXZZFCCZ9Z4
1285,1332,card,82.49,2024-11-01 05:25:49,captured,TXN-YRLOH87BKJB7
1286,1333,card,35.32,2025-02-16 00:34:59,captured,TXN-O6RAF1J5N1P2
1287,1334,card,132.24,2025-03-13 07:44:50,captured,TXN-KLY8BEXB5IS6
1288,1335,Walmart Pay,353.46,2024-12-26 02:07:52,captured,TXN-GURRPU4YLB6P
1289,1336,card,112.78,2025-08-13 03:10:26,captured,TXN-BVGSAQSA94UK
1290,1337,card,28.1,2025-06-22 00:35:14,captured,TXN-QQM82SAR9SRW
1291,1338,card,262.24,2025-05-28 18:39:26,captured,TXN-R8EM204AVPLN
1292,1339,Walmart Pay,14.48,2024-10-18 14:32:56,captured,TXN-9J642FBL1733
1293,1340,Faire Payout,22.72,2025-04-07 12:22:54,captured,TXN-S1VRT5HP7MQR
1294,1341,card,61.55,2024-10-15 10:13:26,captured,TXN-952F43KLZALH
1295,1342,Faire Payout,57.15,2025-07-06 10:08:45,captured,TXN-DGITXDN3MKMM
1296,1343,Faire Payout,27.74,2024-09-26 07:33:08,captured,TXN-3AB7I1CQBWQS
1297,1344,Faire Payout,21.19,2025-07-24 20:16:50,captured,TXN-9KE85NEVD0YK
1298,1345,card,71.22,2024-12-31 11:24:09,captured,TXN-SVTK1HFMQ65T
1299,1346,Faire Payout,36.02,2024-10-04 14:18:12,captured,TXN-ULIP8G5KMT5Q
1300,1347,Amazon Pay,16.68,2024-10-01 11:17:25,captured,TXN-Q4EUMDK8ILGI
1301,1348,Amazon Pay,240.91,2024-10-06 21:32:54,captured,TXN-Z5CXO5MDDBHJ
1302,1349,card,409.47,2025-06-10 06:16:56,captured,TXN-W4OD3M2CCWDD
1303,1350,Amazon Pay,106.22,2025-09-04 21:55:19,captured,TXN-YXLHBA9TNRVQ
1304,1351,Walmart Pay,104.63,2025-05-26 19:16:44,captured,TXN-CVRA1KD1U8TE
1305,1352,card,19.52,2025-08-01 00:08:28,captured,TXN-MAVTU1YRFT5L
1306,1353,card,97.07,2025-05-11 08:53:56,refunded,TXN-TQWENJ10BJ5H
1307,1354,Faire Payout,123.52,2025-01-04 07:29:02,captured,TXN-32P8OP4HRCAC
1308,1355,Walmart Pay,357.33,2025-06-02 20:43:57,captured,TXN-XLXWX9JXVZ4S
1309,1356,Amazon Pay,418.61,2024-10-11 19:28:38,captured,TXN-IHJBCTU2EUZA
1310,1357,card,37.39,2025-07-23 15:57:09,captured,TXN-2N9XJ3UQ0NZ6
1311,1358,Amazon Pay,67.14,2025-07-04 11:17:28,captured,TXN-47JNBY79UNJP
1312,1359,card,38.81,2025-04-14 18:30:26,captured,TXN-HGKWRD27OE76
1313,1360,card,19.95,2024-11-08 00:18:23,captured,TXN-XD9EMJL672Q5
1314,1361,card,80.0,2025-01-11 17:12:17,captured,TXN-UPNHB4APX1RS
1315,1362,card,39.63,2025-08-31 12:43:48,captured,TXN-4LAZ3VZA2089
1316,1363,card,125.14,2024-10-13 14:16:41,captured,TXN-X8VRUVOZAGGD
1317,1364,card,63.63,2025-01-15 04:30:38,captured,TXN-9X14I2VIJMYE
1318,1365,Faire Payout,80.54,2025-02-20 18:35:27,captured,TXN-H24C0CTAOTK0
1319,1366,card,97.33,2025-08-09 23:28:39,captured,TXN-SQTVOQR8D25Q
1320,1367,Walmart Pay,29.82,2025-07-20 16:53:52,captured,TXN-GEJ5OX8Y63TX
1321,1368,card,49.33,2025-08-17 23:19:24,captured,TXN-NM8C0H9J2KHL
1322,1369,card,700.62,2024-11-04 02:31:13,captured,TXN-Y2BF4G2NZSSY
1323,1370,card,60.35,2024-12-19 19:33:58,captured,TXN-IRZE4OH6EXM9
1324,1371,card,55.72,2025-03-07 10:52:29,captured,TXN-1055XCL6NXX3
1325,1372,Faire Payout,189.94,2025-04-24 07:20:04,captured,TXN-86U3D9C47KB8
1326,1373,card,31.54,2025-01-04 22:06:10,captured,TXN-PMVSGT9O4BWN
1327,1374,card,47.86,2024-11-30 10:01:45,captured,TXN-O4JKIKOH061S
1328,1375,Amazon Pay,56.64,2025-05-24 08:05:59,captured,TXN-2NL2K2K0F4UR
1329,1376,Faire Payout,347.15,2025-07-24 03:49:42,captured,TXN-2AG4M1KZ3AZ9
1330,1377,Walmart Pay,23.94,2025-02-07 03:00:22,captured,TXN-O5EK494YWWO1
1331,1378,Walmart Pay,141.28,2024-12-19 01:34:00,captured,TXN-QZRR0US46LSL
1332,1379,card,29.4,2025-08-17 22:53:08,captured,TXN-D0DKZJA5TLSA
1333,1380,card,46.11,2025-01-06 22:41:04,captured,TXN-TSQDQ34SSL7F
1334,1382,card,56.27,2024-10-07 11:15:05,captured,TXN-GY1VZ3ROQ9CY
1335,1383,Faire Payout,237.9,2025-08-09 18:23:37,captured,TXN-HEYYXUU1KMHG
1336,1384,Faire Payout,27.35,2025-09-04 06:51:09,captured,TXN-WERYJMOHWJFX
1337,1385,card,78.15,2025-08-11 20:24:30,captured,TXN-8RNQLKO4R30X
1338,1386,card,215.0,2025-04-30 09:37:49,captured,TXN-YG50PLPCKPWW
1339,1388,card,72.4,2025-02-26 14:45:51,captured,TXN-DZUXTUA8H9EK
1340,1389,card,39.4,2025-08-31 05:17:34,captured,TXN-1YEH59EKJ21R
1341,1390,card,122.96,2025-09-01 04:04:40,captured,TXN-JUSA9T3QF4E4
1342,1391,card,244.26,2025-04-26 03:07:35,captured,TXN-L0YL914IUNSB
1343,1392,Walmart Pay,22.32,2025-08-02 20:21:50,captured,TXN-HZRZXB1779YT
1344,1393,Walmart Pay,37.84,2024-12-28 03:20:13,captured,TXN-AKHE4DP6E8V6
1345,1394,card,51.59,2025-04-11 04:34:47,captured,TXN-62C6JFZ6EFR9
1346,1395,card,13.28,2025-02-22 09:16:05,captured,TXN-2WYM9H4XM4YX
1347,1396,card,59.16,2024-10-29 02:52:52,captured,TXN-EPVMA0EVE9TT
1348,1397,Walmart Pay,46.64,2024-11-19 13:58:00,captured,TXN-LMPGT2Q2ZA7P
1349,1398,card,19.85,2025-01-22 13:38:13,captured,TXN-X1VSIEYS8SNS
1350,1399,card,172.76,2025-01-01 23:39:45,captured,TXN-C5I1FHXE93T6
1351,1400,card,54.71,2024-12-16 20:45:15,captured,TXN-HO18WYRT7RKE
1352,1401,card,190.45,2025-07-21 03:02:48,captured,TXN-ZXFPKWQ5S9LN
1353,1402,card,100.53,2025-05-06 10:14:31,captured,TXN-QAJBOYIY3269
1354,1403,Amazon Pay,517.86,2025-09-10 18:10:28,captured,TXN-VP77V9UTN36R
1355,1404,card,86.13,2025-07-11 19:48:27,captured,TXN-RUCF76KF602A
1356,1405,Walmart Pay,23.9,2024-09-26 03:26:46,captured,TXN-88LX1ZER3YIO
1357,1406,card,43.78,2025-01-16 21:19:15,captured,TXN-P9ZGVQN5ZXRX
1358,1407,Amazon Pay,48.05,2025-04-25 09:31:36,captured,TXN-C3DX15ZM6R2W
1359,1408,Amazon Pay,122.79,2024-12-31 22:01:32,captured,TXN-URGSY3DEPUVF
1360,1409,card,23.01,2024-10-06 03:46:26,captured,TXN-F5OIBUAA572P
1361,1410,Faire Payout,79.5,2025-02-05 23:40:02,captured,TXN-D6MAHE8XN906
1362,1411,card,147.03,2024-10-22 21:14:56,captured,TXN-R6W3EHYL9VF2
1363,1412,Walmart Pay,145.29,2024-12-18 23:23:22,captured,TXN-C3JCNCM5ZM1Y
1364,1413,card,326.39,2025-01-01 22:54:03,captured,TXN-Y87V8RP5WRP5
1365,1414,Walmart Pay,97.08,2025-06-24 21:58:31,captured,TXN-TSCAQIV05T3M
1366,1415,Faire Payout,86.4,2025-06-18 22:48:51,captured,TXN-AY2Y9IN5GR4N
1367,1416,Faire Payout,20.49,2025-03-07 17:23:36,captured,TXN-A1FK72QLM0FX
1368,1417,card,26.89,2024-11-24 05:56:54,captured,TXN-HA8K7985IEV0
1369,1418,card,55.7,2025-03-21 07:33:57,captured,TXN-TIQD761AQNXQ
1370,1419,Walmart Pay,83.78,2025-02-27 04:59:46,captured,TXN-0XKZFVM4305V
1371,1420,card,29.95,2025-05-11 09:45:50,captured,TXN-I4V79LPUHSLC
1372,1421,Faire Payout,370.06,2025-09-08 02:01:41,captured,TXN-F8M37OIHHULR
1373,1422,Faire Payout,131.1,2024-12-15 11:32:37,captured,TXN-60XD2OVWWKZ0
1374,1423,card,48.13,2024-12-29 01:39:14,captured,TXN-1J6EE86EY0FR
1375,1424,Faire Payout,212.99,2025-01-21 20:53:06,captured,TXN-FTVFB2D5OO38
1376,1425,Amazon Pay,220.47,2025-06-02 12:55:10,captured,TXN-38UUYKP98PE3
1377,1426,card,103.47,2025-03-12 06:22:19,captured,TXN-4GQW3MKOM426
1378,1427,card,51.81,2024-09-25 04:30:37,captured,TXN-9XXIL1Y45LHD
1379,1428,card,43.21,2025-09-05 03:21:04,captured,TXN-U05RZLZMUQCJ
1380,1430,card,291.85,2024-10-04 08:19:19,captured,TXN-CIOCQNKMYHY2
1381,1431,Amazon Pay,193.05,2025-01-17 20:52:40,captured,TXN-RS2O223RU8LZ
1382,1432,card,59.62,2024-12-06 18:43:10,captured,TXN-59N298XRX092
1383,1433,Amazon Pay,286.74,2024-12-04 01:18:30,captured,TXN-TB9IM7YHWEUI
1384,1434,card,153.28,2025-08-02 18:16:19,captured,TXN-C3NNZA0RBMCT
1385,1435,card,98.47,2024-11-21 14:43:40,captured,TXN-2EVCBPN3SW3C
1386,1436,Faire Payout,48.73,2025-07-01 01:30:59,captured,TXN-485ZG9O6SWK1
1387,1437,card,177.3,2025-08-01 18:16:07,captured,TXN-7W9YMSCSRO2I
1388,1438,card,32.16,2025-05-04 10:34:49,captured,TXN-S86URRDS14TN
1389,1439,Faire Payout,60.98,2024-12-26 08:12:42,captured,TXN-AV84SXCPJ29C
1390,1440,Amazon Pay,25.61,2025-01-08 01:40:14,captured,TXN-O26I19L344DW
1391,1442,card,20.51,2025-07-14 18:12:57,captured,TXN-N19RSVDGHC3H
1392,1443,card,35.92,2025-05-01 18:37:42,captured,TXN-APGVG5JC7HSW
1393,1445,Amazon Pay,62.15,2024-12-23 00:29:02,captured,TXN-GGWJ6ZWRAFBW
1394,1446,card,121.44,2024-11-24 05:18:12,captured,TXN-OBQ7D1CZU7QJ
1395,1447,card,33.19,2025-04-26 04:55:39,captured,TXN-0A6P5RJN5B4L
1396,1448,Amazon Pay,38.77,2024-11-29 13:42:29,captured,TXN-KEUWTPOIFRI3
1397,1449,card,24.34,2025-03-08 13:40:31,captured,TXN-JOG0MR23ENGF
1398,1450,card,26.33,2025-05-18 15:25:49,captured,TXN-60O49JSR326J
1399,1451,Faire Payout,55.44,2024-12-25 01:07:12,captured,TXN-2Y1IBYKV4KJE
1400,1452,card,226.42,2025-04-22 02:57:07,captured,TXN-CAZ3TLRNA6M0
1401,1453,card,68.65,2025-02-12 01:54:09,captured,TXN-J8OO88GZIEWK
1402,1454,Amazon Pay,226.23,2024-10-21 07:01:39,captured,TXN-HOQIBT8ULHM6
1403,1455,card,16.57,2024-11-03 03:05:03,captured,TXN-AYC52BJSA3AG
1404,1456,card,49.09,2025-07-11 07:27:16,captured,TXN-WAMSVIFT65G1
1405,1457,Amazon Pay,539.93,2025-04-22 19:59:47,captured,TXN-SBM7L4LAMJZ8
1406,1458,Faire Payout,24.15,2025-08-28 07:44:40,captured,TXN-FKWZ4FB6QE3O
1407,1459,Faire Payout,59.73,2024-11-09 21:33:28,captured,TXN-HWPQA9VI5ULR
1408,1460,Faire Payout,462.12,2025-02-28 18:33:05,captured,TXN-0OATE5QLJRZM
1409,1461,Faire Payout,75.06,2024-10-15 16:46:55,captured,TXN-V8RW858O4CHN
1410,1462,Amazon Pay,52.65,2025-08-02 02:08:38,captured,TXN-DK25AVPKS08A
1411,1463,card,55.97,2025-07-11 15:12:10,captured,TXN-LFF8XMPPUO6R
1412,1464,card,12.08,2025-08-15 09:56:11,captured,TXN-15J3H9L78UEU
1413,1465,Amazon Pay,203.5,2024-10-02 04:03:45,captured,TXN-FHT6959L4IH3
1414,1466,card,181.16,2025-05-23 00:30:38,captured,TXN-DTWWG4E97RNH
1415,1467,card,143.85,2024-11-09 11:17:50,captured,TXN-TRDLETEW4B1K
1416,1468,Faire Payout,21.57,2025-01-08 08:11:23,captured,TXN-RCW6RUUOREZD
1417,1469,Faire Payout,197.31,2025-03-25 04:13:05,captured,TXN-5LIFA8QJ7U4P
1418,1470,Faire Payout,337.05,2025-08-20 09:52:16,captured,TXN-6K318HWVSY62
1419,1472,card,75.46,2025-07-13 09:34:35,captured,TXN-LS1SF5O1383T
1420,1473,Faire Payout,36.65,2025-07-25 03:10:16,captured,TXN-CFH3UFPO081M
1421,1474,card,121.82,2024-11-26 18:23:38,captured,TXN-4NCO45PRPL5N
1422,1475,Faire Payout,52.13,2025-05-20 00:44:55,captured,TXN-C3GWRPGA2WX8
1423,1476,Faire Payout,18.21,2025-06-20 15:38:43,captured,TXN-RXTNBC2LWM9S
1424,1477,Walmart Pay,80.33,2025-01-02 15:27:45,captured,TXN-JX33NHACNPP7
1425,1479,Faire Payout,55.33,2025-03-03 04:23:34,captured,TXN-U4NSOD3OABMG
1426,1480,card,16.75,2025-08-07 22:45:12,captured,TXN-KW6H2GH8WYLI
1427,1481,Walmart Pay,49.27,2025-08-04 18:04:14,captured,TXN-DB7ZY0BVUPPZ
1428,1482,Amazon Pay,110.58,2024-09-15 12:03:22,captured,TXN-WYNOI5JHUS57
1429,1483,Walmart Pay,21.42,2025-02-16 18:48:40,captured,TXN-Z46K90XEQGHH
1430,1484,card,89.21,2025-04-24 00:30:30,captured,TXN-5QCX1NZ9O7PG
1431,1485,card,45.86,2025-09-02 19:38:14,captured,TXN-EIFK73BHVCH2
1432,1486,card,29.22,2024-12-15 11:52:20,captured,TXN-9Y4RBXQ6QSP7
1433,1487,card,69.94,2025-06-25 21:04:35,captured,TXN-GYQI56MOWAZH
1434,1488,card,324.46,2024-09-14 16:05:36,captured,TXN-KB3GXBL01CX0
1435,1489,Amazon Pay,16.49,2025-06-03 01:29:40,captured,TXN-8O64Y19ER6C1
1436,1490,card,71.62,2025-07-15 16:32:42,captured,TXN-72XK97WBMETN
1437,1491,Amazon Pay,192.11,2024-10-12 00:07:02,captured,TXN-NRJXWG10BB8D
1438,1492,card,184.69,2025-08-01 12:46:51,captured,TXN-FZOPF0LNMJWV
1439,1493,Walmart Pay,124.87,2025-02-22 08:10:19,captured,TXN-OBDOC6OW5WJ2
1440,1494,Amazon Pay,66.63,2025-02-09 12:36:32,captured,TXN-9JXW7UR4AG78
1441,1495,card,605.7,2025-03-01 18:43:06,captured,TXN-C01WH7N1HQQC
1442,1496,card,26.74,2025-05-18 12:43:32,captured,TXN-F5LAPAVTVFFO
1443,1497,card,49.29,2024-09-17 12:00:21,captured,TXN-NN0Y7CWLZTYA
1444,1498,card,56.83,2025-07-18 18:06:24,captured,TXN-G3KXZAW0LPS4
1445,1499,card,310.95,2024-12-11 01:15:22,captured,TXN-00Y3POUZMD7H
1446,1500,Faire Payout,12.88,2025-03-09 15:02:28,captured,TXN-WBLTY3FGLE96
